id,location,frequency,popularity,duration_ms,danceability,energy,key,loudness,mode,speechiness,acousticness,instrumentalness,liveness,valence,tempo
1lEk3U3MzbDeL5MNHkE9JU,church,20,71,349587,0.256,0.564,11,-6.496,1,0.0366,0.00274,0.0,0.743,0.152,139.914
0rH0mprtecH3grD9HFM5AD,church,18,73,333386,0.572,0.685,6,-7.29,1,0.0356,0.0291,0.0,0.0963,0.232,110.698
0jOSpB2zK2O0SNxj8ZT5lp,church,16,67,305427,0.318,0.573,1,-5.653,1,0.0324,0.107,0.0,0.0854,0.0765,156.054
4EHWldZTas5KUyFtT0rQlY,church,14,68,205667,0.457,0.451,10,-6.997,1,0.029,0.517,0.0,0.0928,0.185,74.923
40lKptao1hxVqA7fd1OOGp,church,12,66,285160,0.509,0.778,11,-3.608,1,0.0295,0.00998,0.0,0.19,0.216,105.066
3BDpn2Vivr1BFhlGsYs5tp,church,12,67,491691,0.303,0.478,7,-7.851,1,0.0352,0.371,0.0,0.131,0.117,139.795
1mWdyqs6Zvg8b1lKjDc8yB,church,12,69,293398,0.429,0.587,9,-4.588,1,0.0275,0.315,0.0,0.108,0.164,145.003
1Hv54MWloXiAZDam1ez840,church,12,59,296343,0.472,0.351,9,-8.996,1,0.0326,0.589,0.0,0.0821,0.0611,144.01
3iOpiHDobxZO7S4p9Y2Fgu,church,12,69,398333,0.347,0.508,10,-7.555,1,0.0297,0.0119,0.0,0.595,0.159,171.827
50lW1fKoDtyKaiR2bR7ksl,church,11,65,329080,0.271,0.669,6,-6.046,1,0.0362,0.000292,0.0,0.61,0.21,171.911
40ozK0lCJ0EQzVGWsCNUhk,church,11,69,503240,0.432,0.524,4,-8.721,1,0.0321,0.0289,0.0,0.682,0.183,135.956
6Z31l856yEwyJqSBe3qLZ4,church,11,64,327653,0.49,0.51,0,-9.141,1,0.0368,0.628,0.0,0.967,0.197,90.307
57ifvUopbuDoMNpgSD6PzV,church,11,56,232853,0.637,0.547,3,-8.637,1,0.0364,0.315,0.0,0.132,0.479,137.99
0fxpHpK3aw2nFWII6yveDD,church,10,70,342493,0.431,0.485,7,-8.085,1,0.0274,0.452,0.0,0.544,0.367,145.22
5VUQsLff8A3ruAyCdTxqzg,church,10,68,335907,0.545,0.472,11,-7.552,1,0.0279,0.434,0.0,0.0684,0.193,134.027
4PYOh644yKjYyvyVUHqcof,church,10,63,290413,0.39,0.457,9,-7.915,1,0.0327,0.0874,8.9e-06,0.123,0.145,143.977
0aZFEiDKLK2B4gzPaGCZVm,church,10,25,646239,0.361,0.423,10,-11.697,1,0.0375,0.283,6.38e-05,0.0942,0.238,114.66
3gtqd9P8kZblHf4I7Ybub2,church,10,67,363231,0.345,0.747,10,-6.92,1,0.053,0.00214,0.0,0.0928,0.215,154.739
1wuqCUWHniGdEmOKZbQ1cg,church,10,64,405914,0.124,0.437,2,-8.21,1,0.0409,0.0128,0.0,0.12,0.103,80.889
0YxrPdW9NpNFtqh7Fw0rva,church,10,67,470880,0.452,0.866,1,-4.431,1,0.04,0.0041,0.0,0.134,0.291,81.972
5W9Al2ewPfzbWHOV2BAtBR,church,9,64,267067,0.471,0.164,7,-10.879,1,0.0324,0.833,0.0,0.101,0.17,125.242
5C64H6dEsQ15bS9gp0D3Xr,church,9,1,279787,0.512,0.814,10,-5.467,1,0.0327,0.0042,0.0,0.0991,0.273,97.997
0lVYRIVjK77Z6uG2GgM8Kl,church,9,3,248253,0.407,0.612,4,-5.359,1,0.0496,0.0909,0.0,0.0914,0.133,159.527
35GACeX8Zl55jp29xFbvvo,church,9,65,309093,0.329,0.682,0,-6.374,1,0.0526,0.221,0.0,0.19,0.162,148.029
4tZccDFqoZp8IN7VUnsJ9K,church,9,57,253200,0.646,0.647,7,-7.669,1,0.0255,0.0717,0.0,0.216,0.68,136.001
1yYUIjT3bZ9RB9vejqYy9f,church,8,61,341080,0.396,0.521,2,-7.093,1,0.0312,0.0101,0.0,0.884,0.126,135.742
5Mw9bXG1dLNhbjofkVS2oR,church,8,71,535963,0.262,0.361,2,-10.187,1,0.0333,0.508,0.00268,0.108,0.056,126.786
4KLj9QjEhJl2WU50mxRF9Z,church,8,68,238200,0.424,0.506,2,-5.877,1,0.0284,0.201,0.0,0.11,0.138,135.902
2BuhGnXpqMQ8BvOUZpmaVl,church,8,62,568787,0.381,0.505,7,-6.478,1,0.0278,0.293,4.27e-06,0.72,0.0869,140.995
6r0WuK50Lpu9u460x84oBn,church,8,62,515387,0.36,0.608,1,-7.811,1,0.0309,0.065,0.0,0.43,0.21,144.004
5SDcksP8En1l6RtTY1wzHc,church,8,73,536000,0.264,0.363,2,-10.196,1,0.0338,0.501,0.00406,0.11,0.0613,124.328
1GtmiINnAu5K2VEqyh1Xdc,church,8,62,467053,0.403,0.557,1,-6.018,1,0.0314,0.00858,0.0,0.72,0.203,73.998
5O306r2a9Nl7rm5ZlaTqka,church,8,67,507307,0.416,0.583,11,-7.994,1,0.037,0.0383,0.0,0.116,0.185,140.001
0UdWxA5X4OBqCi3kIpC7Fb,church,8,59,201947,0.654,0.545,8,-5.148,1,0.0259,0.607,0.0,0.118,0.396,147.979
4asTccqkv3G7KSKdy7QGED,church,8,55,241933,0.69,0.482,7,-8.246,1,0.0273,0.405,0.0,0.152,0.386,122.898
26G5yboxZToTvLJXeYeaZs,church,8,54,298800,0.577,0.408,9,-8.661,1,0.0272,0.509,0.0,0.155,0.159,131.921
3HZCMyuazaSOLgXexcMASl,church,8,68,214773,0.701,0.494,1,-6.811,1,0.027,0.56,0.0,0.224,0.206,119.998
63VRwbx7NFWSxtyqSNb8Bn,church,8,55,198987,0.629,0.555,6,-5.282,1,0.0252,0.549,0.0,0.135,0.373,104.899
14HrSWGYPCDwqAcVFUYKsq,church,7,60,348893,0.443,0.819,11,-6.61,1,0.0615,0.00338,0.016,0.696,0.0983,116.033
1xI9KSGNJB2eka8FMvovvi,church,7,62,242227,0.469,0.566,7,-6.966,1,0.0357,0.34,0.0,0.203,0.292,73.047
2MobJagQB0dGJoRqI8OT0m,church,7,67,256933,0.459,0.561,7,-7.091,1,0.0271,0.0839,0.0,0.0998,0.306,144.783
0bHcGi6iafYk4TUrqvDYya,church,7,21,732554,0.342,0.18,4,-14.847,1,0.0364,0.872,4.29e-06,0.145,0.211,123.979
4wc8FpW9XCUaoxtii3CiCf,church,7,64,452499,0.254,0.753,11,-6.669,1,0.0544,0.0047,0.0,0.931,0.133,139.804
6fdglWE2qycjtz0JlW94HW,church,7,64,432053,0.453,0.758,8,-7.681,1,0.0541,0.03,2.03e-06,0.181,0.184,75.918
6LKjIAHCnZjaB4BfEIFHrW,church,7,59,424755,0.571,0.736,9,-5.633,1,0.0341,0.00056,0.0,0.494,0.105,121.985
1sF4VadVaVTvp9WTEy79JT,church,7,68,234731,0.43,0.708,0,-7.14,1,0.0336,0.0561,0.0,0.704,0.243,75.024
6Up545NUflOiXo8cEraH49,church,7,79,274693,0.494,0.632,5,-6.89,1,0.0342,0.682,0.0,0.0869,0.0797,147.873
36e4Sr0dXiyzjVeBWv8cON,church,7,69,291467,0.711,0.455,10,-7.261,1,0.0289,0.48,0.0,0.111,0.198,124.015
4r5yle9whdWDsA6ApFGaZj,church,7,68,211069,0.543,0.538,0,-8.262,1,0.0289,0.134,0.0,0.819,0.301,135.822
7wEIEqxdeyuvyVRwxMne33,church,7,51,310613,0.672,0.311,1,-8.427,0,0.0269,0.403,0.0,0.152,0.158,109.929
4JxBsbcNmDF7ON7n36mHX0,church,7,51,299200,0.596,0.283,9,-9.018,1,0.0259,0.771,0.0,0.144,0.271,98.954
6DzWfnraxo4GAcyIJ5oSYv,church,7,54,459720,0.507,0.594,5,-8.536,1,0.0303,0.443,5.28e-06,0.948,0.42,155.136
6aRwLqDf1bN3lI2gMd6wXp,church,6,61,339493,0.378,0.596,5,-5.406,1,0.0323,0.0182,1.14e-05,0.144,0.172,135.968
5Xjcst6Rle74VteHx0zczO,church,6,60,489453,0.363,0.533,2,-8.319,1,0.0314,0.136,0.0,0.358,0.0693,144.005
0eI19vR5WZ12fuYcEFUVkw,church,6,66,258453,0.516,0.905,11,-5.613,1,0.0399,0.000479,0.0,0.198,0.612,129.999
6iha1ZUpCGUJrrQLDSFYux,church,6,64,289747,0.457,0.362,0,-8.843,1,0.0279,0.637,2.77e-05,0.105,0.153,134.835
6ZhORhQoBD0qndKYvpBTv2,church,6,60,236736,0.638,0.842,2,-6.225,1,0.0392,0.0864,0.0,0.624,0.542,103.965
2lUgap86Pux7qAgvWzuJWs,church,6,63,329080,0.269,0.666,6,-6.048,1,0.0362,0.000278,0.0,0.609,0.226,171.722
2elEVvWjPZltkotzcCwKvM,church,6,66,514665,0.411,0.562,11,-8.152,1,0.0362,0.0407,0.0,0.222,0.197,140.015
6TbG237Ir0ublbxXq2T3Yp,church,6,59,581177,0.228,0.297,6,-12.664,1,0.0358,0.646,1.53e-06,0.123,0.0903,135.028
4908mwb34dqgcaxHeFjitw,church,6,8,211600,0.437,0.647,9,-5.371,1,0.0371,0.0178,0.0,0.106,0.218,176.032
1z5xgcRgxxGEKrXUCEFpA9,church,6,63,409987,0.268,0.697,8,-5.886,1,0.0422,0.0212,4.58e-06,0.38,0.112,144.01
5legkLUDyq0qOg4TR7wUAs,church,6,62,223627,0.697,0.944,7,-2.796,0,0.0327,0.00173,0.000162,0.32,0.846,119.994
63SF10lPoWA71bDYYzxfUs,church,6,0,373691,0.412,0.61,10,-7.988,1,0.0379,0.177,0.000102,0.0851,0.242,148.005
7mj5fT0Biju5jR41m9ghUl,church,6,0,299366,0.438,0.529,9,-9.224,1,0.0324,0.0113,0.0,0.109,0.395,136.147
1ed3wNCecRIp6SugyR0w2J,church,6,67,411000,0.431,0.416,9,-10.376,1,0.0296,0.0462,2.01e-06,0.144,0.177,127.964
5XCtjnFMKtCT7ycDwV3Kdh,church,6,68,240200,0.417,0.499,2,-6.364,1,0.0296,0.212,0.0,0.112,0.144,135.923
4LnHfZGEitmIVS17wndaUI,church,6,64,244040,0.42,0.823,1,-4.889,1,0.0434,0.00985,0.0,0.103,0.517,163.997
2VuwpxQR7rTPWkoLkpANdz,church,6,61,267906,0.444,0.778,0,-3.037,1,0.0324,0.051,0.0,0.269,0.42,148.044
5t0izTLPeWYLiIfHPJbORJ,church,6,2,385053,0.282,0.251,4,-10.648,0,0.0315,0.699,1.47e-05,0.11,0.11,129.826
2lIB1TU0Cqnc6RuYDjc92z,church,6,64,423193,0.367,0.463,11,-7.638,1,0.0335,0.121,1.04e-05,0.0983,0.187,139.996
6JV2JOEocMgcZxYSZelKcc,church,6,81,236002,0.666,0.83,0,-5.715,1,0.0751,0.0123,0.0,0.191,0.702,113.03
2geM54lztiqrOuy0wR13Xc,church,6,57,279467,0.557,0.3,2,-11.347,1,0.0296,0.581,0.0,0.101,0.328,144.072
2UsPksUedNa1Ok0GfPOJYv,church,6,49,253947,0.666,0.558,8,-7.621,1,0.0346,0.334,0.0,0.339,0.781,76.014
6uExMEig887UmyXoFqdyOW,church,6,66,330787,0.528,0.395,1,-7.168,0,0.0288,0.416,0.0,0.794,0.0909,120.981
4OW4aTDMRZ9tzJpkZhj0gy,church,6,42,257613,0.594,0.586,5,-7.775,0,0.0313,0.261,0.0,0.101,0.66,89.922
6tzwFtw4AHo2tCexPGMzUN,church,5,57,359893,0.556,0.417,5,-9.29,1,0.0258,0.634,4.14e-06,0.936,0.296,90.054
7i2ZmmyLzE7NcFAJl30mKY,church,5,59,258627,0.411,0.611,2,-4.719,1,0.0298,0.0751,0.000221,0.0762,0.138,140.002
1dtzjTkNecIRAL4X3u4CtL,church,5,62,261693,0.519,0.76,2,-4.41,1,0.0349,0.0319,1.59e-05,0.241,0.149,130.03
1gj9poFl2mLKkguqWo5Y1i,church,5,69,296400,0.466,0.67,8,-4.701,1,0.0297,0.155,0.0,0.145,0.395,126.142
4EiKZxDgW0sbT8BZ9Gl6dC,church,5,61,343080,0.396,0.5,2,-7.746,1,0.032,0.0128,0.0,0.535,0.099,135.857
0fPwregqch9wLJj4yQH6Bk,church,5,63,499507,0.315,0.452,2,-8.387,1,0.0326,0.0315,0.0,0.686,0.112,138.909
1FTGq6feVrq4d7tiOwfSi6,church,5,0,329222,0.389,0.488,0,-7.466,1,0.0301,0.0047,0.0,0.64,0.303,144.339
7yu4816uyIqXiPvALxL44y,church,5,66,598995,0.335,0.639,3,-6.598,1,0.0369,0.265,0.0,0.107,0.381,139.912
0pNizrRmvu5S16fH6ccm0v,church,5,67,452499,0.391,0.769,11,-6.356,1,0.045,0.00346,0.0,0.911,0.14,139.874
2XEdrmqNM9ZQQ24ViuceB0,church,5,63,223427,0.595,0.894,11,-4.115,1,0.0323,0.000583,1.24e-06,0.326,0.643,101.987
4Zyf0pjpdBBIfp4oax9PG5,church,5,60,297640,0.37,0.653,6,-6.819,1,0.0263,0.011,1.05e-05,0.115,0.346,164.152
1NZWiuy0mlnsrcYL2dhKt6,church,5,62,237147,0.672,0.893,0,-3.984,1,0.0337,0.0101,0.0,0.0934,0.543,102.98
0Ck8Iw5OM5Ag8q2CjBqjrV,church,5,58,410509,0.505,0.821,11,-6.733,1,0.0476,0.027,0.0,0.935,0.25,124.015
2g5O5gEmjfgTDdupx7VMcp,church,5,3,310231,0.402,0.391,4,-8.029,1,0.0435,0.338,0.0,0.301,0.208,143.381
3QhL4eWBVv64IycG3i9XTb,church,5,64,298520,0.49,0.805,2,-4.578,1,0.0424,0.00289,3.19e-06,0.141,0.166,109.951
6BxW8Umq3QIbipmo2c7WYz,church,5,66,401760,0.427,0.612,0,-6.812,1,0.0309,0.0105,0.0,0.574,0.154,142.053
17GmwQ9Q3MTAz05OokmNNB,church,5,65,196467,0.467,0.715,0,-5.076,1,0.0348,0.0231,0.0,0.144,0.367,156.074
0W7KIc2GSB9suYQAaMZ9rF,church,5,71,206400,0.561,0.717,8,-5.72,1,0.0381,0.458,0.0,0.138,0.455,79.993
2FJYXPlTmFPAjTwPS1bMnw,church,5,63,306253,0.367,0.739,11,-7.987,1,0.0411,0.103,0.0,0.0912,0.328,175.877
787cootcZRw5Xr47Of97AN,church,5,1,255160,0.335,0.582,5,-5.09,1,0.0375,0.379,2.67e-05,0.0954,0.151,110.522
0UXlu64mDLvfzR8IXMz06J,church,5,90,185723,0.588,0.452,7,-4.75,1,0.0268,0.437,0.0,0.344,0.734,139.953
1xO7tp4J5Wj0NeKrzIpd1V,church,5,85,198529,0.704,0.482,9,-5.352,1,0.0349,0.211,0.0,0.3,0.604,102.01
2MnLkFqY9Rpg9s3Zv6ZJdK,church,5,87,197333,0.727,0.546,0,-4.572,1,0.0437,0.656,0.0,0.122,0.69,106.891
6SnO4yCCYtz2rffMpEAlro,church,5,75,176347,0.626,0.47,0,-2.984,1,0.0316,0.522,0.0,0.201,0.825,140.046
4bHsxqR3GMrXTxEPLuK5ue,education,8,85,250987,0.5,0.748,4,-9.072,1,0.0363,0.127,0.0,0.447,0.514,118.852
2374M0fQpWi3dLnB54qaLX,education,6,86,295893,0.671,0.373,9,-18.064,1,0.0323,0.257,8.01e-05,0.0481,0.732,92.718
6VzcQuzTNTMFnJ6rBSaLH9,education,5,82,377960,0.306,0.347,2,-8.5,1,0.0334,0.172,0.00013,0.0485,0.0511,120.996
6dGnYIeXmHdcikdzNNDMm2,education,5,86,185733,0.557,0.54,9,-10.484,1,0.0347,0.0339,0.00248,0.179,0.394,129.171
3JjnGLK8IxkNLvo8Lb3KOM,education,5,81,248360,0.681,0.582,6,-7.76,0,0.0313,0.22,0.0,0.119,0.221,124.038
0V5cvmTKsYmF5FmGGEAfmS,education,5,88,160853,0.303,0.187,2,-16.757,1,0.0356,0.989,0.489,0.101,0.213,132.731
5TTXEcfsYLh6fTarLaevTi,education,5,81,171356,0.752,0.494,0,-8.18,1,0.0559,0.432,0.0,0.0869,0.227,117.901
3afkJSKX0EAMsJXTZnDXXJ,education,5,87,201539,0.578,0.537,9,-8.676,1,0.0832,0.162,0.0,0.076,0.25,83.909
4a2qoYY6xINDXtUOBFbJ6d,education,5,52,477733,0.122,0.0182,2,-27.89,1,0.0383,0.967,0.834,0.0735,0.0473,77.59
4yugZvBYaoREkJKtbG08Qr,education,5,80,211578,0.575,0.67,7,-10.39,1,0.0318,0.343,4.95e-06,0.129,0.74,139.191
2EqlS6tkEnglzr7tkKAAYD,education,5,81,259947,0.533,0.376,9,-11.913,0,0.0393,0.0302,0.248,0.0926,0.187,165.007
5MxNLUsfh7uzROypsoO5qe,education,5,83,266960,0.307,0.433,1,-10.057,1,0.029,0.388,9.08e-05,0.332,0.224,160.9
39shmbIHICJ2Wxnk1fPSdz,education,5,83,188987,0.743,0.836,2,-6.465,1,0.116,0.0804,0.0,0.384,0.82,113.375
40riOy7x9W7GXjyGp4pjAv,education,5,87,391376,0.579,0.508,2,-9.484,1,0.027,0.00574,0.000494,0.0575,0.609,147.125
08mG3Y1vljYA6bvDt4Wqkj,education,5,87,255493,0.31,0.7,9,-5.678,1,0.047,0.011,0.00965,0.0828,0.763,188.386
5ihS6UUlyQAfmp48eSkxuQ,education,4,81,199493,0.414,0.161,7,-22.32,0,0.0318,0.883,0.000223,0.117,0.423,159.375
5WtfUKzXircvW8l5aaVZWT,education,4,87,173307,0.516,0.467,0,-6.184,1,0.0302,0.662,0.0,0.0853,0.386,132.861
3PgjBOoA5OytNGkglObpOd,education,4,71,288189,0.311,0.342,2,-8.889,1,0.032,0.432,1.93e-06,0.114,0.274,177.158
47Bg6IrMed1GPbxRgwH2aC,education,4,83,262231,0.575,0.714,6,-5.247,1,0.0596,0.395,0.0,0.115,0.32,144.982
41CgzGD7xlgnJe14R4cqkL,education,4,77,204712,0.426,0.408,3,-9.419,1,0.0524,0.771,7.88e-06,0.394,0.528,76.309
62aa4ZnQGgF8gXzzvWRJhG,education,4,70,168205,0.758,0.39,1,-9.799,1,0.0485,0.567,0.0,0.099,0.238,117.048
35mvY5S1H3J2QZyna3TFe0,education,4,89,172325,0.737,0.802,0,-4.771,1,0.0878,0.468,0.0,0.0931,0.682,144.015
1dcNEEtODRVZEevQ20Cgmy,education,4,78,210355,0.62,0.547,1,-6.772,1,0.0248,0.112,0.0,0.19,0.208,98.032
2CVChktEKBsM6v4IfdFU5k,education,4,38,171743,0.654,0.434,8,-11.163,1,0.0665,0.837,0.0,0.216,0.223,109.069
1f3yAtsJtY87CTmM8RLnxf,education,4,39,301920,0.502,0.912,1,-4.556,1,0.0564,2.55e-05,0.000173,0.106,0.72,116.761
0pqnGHJpmpxLKifKRmU6WP,education,4,91,204347,0.776,0.78,10,-4.374,0,0.128,0.0622,0.0,0.081,0.666,124.949
1vNn7rVQT6UtEW1NGH53fT,education,4,67,177093,0.712,0.649,1,-4.753,1,0.063,0.000652,0.0,0.0683,0.616,127.028
4KfSdst7rW39C0sfhArdrz,education,4,77,261933,0.548,0.691,4,-13.553,0,0.0369,0.015,0.106,0.144,0.667,137.145
7oK9VyNzrYvRFo7nQEYkWN,education,4,79,222587,0.356,0.924,1,-3.74,1,0.0808,0.00101,0.0,0.0953,0.232,148.017
0yc6Gst2xkRu0eMLeRMGCX,education,4,84,290617,0.37,0.467,5,-9.013,1,0.0273,0.0205,0.572,0.109,0.182,94.485
2GiJYvgVaD2HtM8GqD9EgQ,education,4,87,218107,0.611,0.797,6,-7.627,0,0.0533,0.00543,0.00137,0.26,0.518,120.041
2AYEOC02WLhUiOoaig2SEH,education,4,79,209386,0.545,0.968,9,-3.553,0,0.0853,0.0387,0.00325,0.331,0.527,169.965
70C4NyhjD5OZUMzvWZ3njJ,education,4,80,339000,0.331,0.55,0,-6.483,1,0.0272,0.605,3.96e-06,0.192,0.429,177.734
7qrBYrivpvfXUPBMmqh3dA,education,4,71,136914,0.691,0.186,10,-13.672,0,0.0487,0.686,0.934,0.0762,0.548,86.383
19JzJOMs4wkuKxY8WEOMea,education,4,69,122704,0.79,0.133,8,-9.365,1,0.0915,0.875,0.808,0.111,0.422,69.997
4fFfyouye6vrX9o9z4PVMu,education,4,77,208000,0.47,0.221,5,-9.243,1,0.0371,0.693,0.0,0.104,0.264,133.714
7eJMfftS33KTjuF7lTsMCx,education,4,88,173333,0.726,0.431,8,-8.765,0,0.135,0.731,0.0,0.696,0.348,144.026
57RA3JGafJm5zRtKJiKPIm,education,4,84,178000,0.682,0.683,8,-6.444,0,0.0287,0.156,2.32e-05,0.273,0.64,120.023
1jcQ040aWKeiUGJ2IcnFtV,education,4,63,191000,0.349,0.191,0,-16.111,0,0.0463,0.992,0.936,0.132,0.0414,140.422
2m2GJpBjQNNphaCgBeoj7R,education,4,70,207640,0.324,0.0186,2,-28.248,1,0.0476,0.99,0.934,0.105,0.126,85.297
3qiyyUfYe7CRYLucrPmulD,education,4,79,300400,0.489,0.724,5,-8.367,1,0.0352,0.313,0.185,0.287,0.15,117.292
45yEy5WJywhJ3sDI28ajTm,education,4,0,185733,0.557,0.54,9,-10.484,1,0.0347,0.0339,0.00248,0.179,0.394,129.171
7b4yGtR0rujvLi5EBfKKJ2,education,4,73,211160,0.608,0.768,1,-9.911,1,0.0364,0.101,1.41e-06,0.0942,0.748,132.699
24NwBd5vZ2CK8VOQVnqdxr,education,4,77,274133,0.38,0.76,9,-10.961,1,0.0378,0.00298,0.0294,0.104,0.491,99.437
2zYzyRzz6pRmhPzyfMEC8s,education,4,87,208400,0.574,0.913,6,-4.793,0,0.133,0.061,0.00158,0.156,0.423,115.728
0hCB0YR03f6AmQaHbwWDe8,education,4,80,333893,0.412,0.902,9,-11.6,1,0.405,0.0484,0.131,0.405,0.422,89.74
4CJVkjo5WpmUAKp3R44LNb,education,4,1,281147,0.597,0.605,7,-12.013,1,0.0255,0.181,0.000331,0.118,0.886,97.782
57bgtoPSgt236HzfBOd8kj,education,4,87,292880,0.502,0.89,4,-5.175,1,0.0364,0.000147,0.0117,0.217,0.259,133.52
43bSKCMWHIuBsUVmQcDX1J,education,4,66,257000,0.296,0.00896,7,-31.948,0,0.0394,0.994,0.91,0.0815,0.0673,69.44
1Oo7XEqkrwifJn17aA0ocF,education,4,67,378733,0.299,0.00626,9,-30.923,1,0.0478,0.994,0.901,0.0823,0.0634,69.043
3NbAsIxDL0fVgNuCLD152P,education,4,67,176518,0.37,0.0076,4,-33.663,1,0.0384,0.995,0.91,0.0864,0.278,62.668
54eZmuggBFJbV7k248bTTt,education,4,80,252240,0.654,0.506,11,-17.18,0,0.0535,0.686,0.0155,0.155,0.831,123.179
7hQJA50XrCWABAu5v6QZ4i,education,4,77,209413,0.563,0.865,5,-5.277,1,0.16,0.0472,0.000191,0.77,0.601,156.271
2ZWlPOoWh0626oTaHrnl2a,education,3,83,249191,0.567,0.388,9,-9.579,0,0.0384,0.782,0.000309,0.248,0.452,116.362
5GUYJTQap5F3RDQiCOJhrS,education,3,78,249668,0.572,0.209,8,-10.413,1,0.0313,0.765,0.0,0.356,0.446,80.069
3BQHpFgAp4l80e1XslIjNI,education,3,80,125667,0.332,0.179,5,-11.83,1,0.0326,0.879,0.0,0.0886,0.315,96.529
5RgFlk1fcClZd0Y4SGYhqH,education,3,76,201373,0.292,0.324,3,-11.996,1,0.0346,0.797,0.000473,0.12,0.384,176.631
4bBrKDo8rchikwZOtmXbIH,education,3,70,227560,0.656,0.692,1,-6.145,0,0.0563,0.00212,0.00305,0.128,0.693,128.016
761frfZtZ8I2g70UsjFfBK,education,3,60,233728,0.474,0.522,11,-7.513,1,0.0408,0.36,0.0,0.123,0.448,157.225
0lx2cLdOt3piJbcaXIV74f,education,3,82,214707,0.392,0.574,7,-9.195,1,0.17,0.833,0.00179,0.145,0.529,81.112
18AXbzPzBS8Y3AkgSxzJPb,education,3,81,336453,0.446,0.239,0,-13.945,1,0.0316,0.551,4.1e-06,0.0697,0.298,189.507
1nYzjrdVQ8RpF93M0jPFW7,education,3,82,227186,0.679,0.61,7,-10.936,0,0.0305,0.585,9.51e-05,0.156,0.554,123.978
2K87XMYnUMqLcX3zvtAF4G,education,3,84,192120,0.73,0.703,0,-5.672,0,0.0369,0.109,0.0,0.0657,0.595,138.113
439tGS9rVbyTjj5SmneD56,education,3,61,331839,0.473,0.449,0,-8.63,1,0.0259,0.495,0.0,0.158,0.245,71.99
07MDkzWARZaLEdKxo6yArG,education,3,90,162680,0.773,0.47,2,-7.93,1,0.0299,0.0153,0.000193,0.0851,0.399,94.995
7urtwZEtOypb3r8HNi42dT,education,3,36,203600,0.584,0.888,11,-9.411,0,0.0349,0.192,4.23e-05,0.0931,0.672,93.211
1x8pFCRfBnDqckyB6mlZci,education,3,70,259115,0.797,0.447,8,-8.452,1,0.28,0.146,0.0,0.0877,0.645,79.003
6jB7cmxRuvf5QUxYl73q0o,education,3,66,272125,0.588,0.501,2,-12.167,1,0.0374,0.36,0.000273,0.101,0.4,104.987
16iRlyUMJVPqz62DlomMre,education,3,81,263500,0.513,0.38,11,-11.091,1,0.0336,0.12,0.0,0.0924,0.323,120.952
4u8RkgV6P4TLi89SmlUtv8,education,3,71,349713,0.705,0.401,6,-8.9,1,0.0376,0.176,8.66e-06,0.0735,0.481,140.031
5sLGYJOhLP197nmkaRMMEH,education,3,68,267457,0.865,0.628,2,-7.614,0,0.143,0.594,0.0,0.2,0.433,116.009
0G5qmu4TsdUH19zdcbI9Ui,education,3,62,139180,0.817,0.297,1,-13.695,1,0.0553,0.722,0.0,0.101,0.443,100.031
1HNkqx9Ahdgi1Ixy2xkKkL,education,3,88,258987,0.614,0.379,4,-10.48,1,0.0476,0.607,0.000464,0.0986,0.201,107.989
2eAvDnpXP5W0cVtiI0PUxV,education,3,94,233720,0.609,0.692,1,-2.958,1,0.0259,0.0157,0.0,0.0864,0.454,116.959
34YfLWuoxLEcvJQNxdI9P2,education,3,75,297002,0.644,0.315,6,-9.382,1,0.0339,0.706,0.00162,0.0962,0.356,60.001
5Hm2MJQ4ECvQmH5QWCMQrR,education,3,74,312320,0.519,0.246,5,-13.85,1,0.0396,0.774,2.35e-06,0.0946,0.108,90.121
5yY9lUy8nbvjM1Uyo1Uqoc,education,3,82,237735,0.676,0.609,2,-5.831,0,0.481,0.0706,0.0,0.152,0.508,142.037
3QzAOrNlsabgbMwlZt7TAY,education,3,83,180435,0.809,0.545,7,-6.678,1,0.0735,0.392,0.0,0.151,0.244,97.008
34x6hEJgGAOQvmlMql5Ige,education,3,76,215133,0.544,0.897,3,-6.056,0,0.0471,0.241,0.0,0.13,0.647,157.17
2KH16WveTQWT6KOG9Rg6e2,education,3,81,245640,0.817,0.599,0,-9.249,0,0.0328,0.132,0.000311,0.0873,0.548,108.873
3LTMnFa0hhwisyq6ILahyj,education,3,0,348624,0.731,0.797,5,-9.992,1,0.0309,0.0771,0.0248,0.334,0.933,148.192
1zB4vmk8tFRmM9UULNzbLB,education,3,88,187147,0.605,0.822,0,-4.833,1,0.0438,0.00671,0.134,0.147,0.288,167.997
05lBuZWQ2OhQuzoCSIkvUF,education,3,3,336613,0.379,0.306,1,-14.446,1,0.0305,0.942,0.323,0.123,0.157,147.902
5T7ZFtCcOgkpjxcuaeZbw0,education,3,81,200107,0.652,0.877,1,-2.986,1,0.0465,0.0227,0.0,0.0789,0.486,118.491
6mnjcTmK8TewHfyOp3fC9C,education,3,0,211920,0.711,0.7,1,-4.805,0,0.046,0.00498,0.000125,0.215,0.801,128.001
7aHRctaQ7vjxVTVmY8OhAA,education,3,1,296080,0.661,0.908,5,-4.897,1,0.039,0.052,0.0,0.0708,0.656,144.091
0dOg1ySSI7NkpAe89Zo0b9,education,3,78,278680,0.398,0.952,4,-6.042,1,0.061,0.000373,7.75e-05,0.1,0.584,122.093
0jceXOZ2D9ZSzsfl3CKlxg,education,3,57,290133,0.509,0.897,1,-4.809,0,0.051,0.00227,0.0,0.129,0.318,101.959
1SnZi2eVU2kcXRNJT6ek4J,education,3,52,294387,0.46,0.509,2,-6.997,1,0.0303,0.289,0.000143,0.351,0.297,115.89
4iJyoBOLtHqaGxP12qzhQI,education,3,91,198082,0.677,0.696,0,-6.181,1,0.119,0.321,0.0,0.42,0.464,90.03
0uI7yAKUf52Cn7y3sYyjiX,education,3,78,177667,0.815,0.518,7,-6.594,0,0.0897,0.223,0.0,0.104,0.877,151.891
0eu4C55hL6x29mmeAjytzC,education,3,88,161803,0.7,0.49,0,-5.187,1,0.076,0.186,0.0,0.117,0.569,79.982
5bgwqaRSS3M8WHWruHgSL5,education,3,82,228600,0.83,0.585,1,-5.802,1,0.0366,0.225,0.00209,0.0576,0.642,105.03
3UoULw70kMsiVXxW0L3A33,education,3,82,201882,0.487,0.534,0,-5.664,0,0.0555,0.36,0.0,0.1,0.173,131.798
2SAqBLGA283SUiwJ3xOUVI,education,3,85,261493,0.761,0.518,0,-8.871,1,0.134,0.244,3.47e-05,0.107,0.522,133.976
6f7BE3VcZScJx6n3wsf5Z3,education,3,74,267733,0.48,0.526,5,-7.099,1,0.275,0.071,0.0,0.0879,0.374,199.662
6D6HVKe7Qu3imn4zzJD0W9,education,3,75,227032,0.691,0.389,4,-8.247,1,0.0367,0.765,0.0,0.0941,0.306,104.952
2lTtnKQgjbrBA1qnOFhBkP,education,3,79,235226,0.273,0.565,2,-7.283,1,0.248,0.516,1.68e-06,0.0855,0.298,179.518
45S5WTQEGOB1VHr1Q4FuPl,education,3,86,208907,0.448,0.838,4,-5.257,0,0.0557,0.21,0.000131,0.131,0.254,139.863
5ehVOwEZ1Q7Ckkdtq0dY1W,education,3,11,195136,0.717,0.193,9,-16.141,0,0.0459,0.802,0.893,0.0653,0.0447,109.992
3xpdefOloYCBXd3UR6MVyM,cemetery,12,70,176627,0.392,0.702,6,-6.509,1,0.0848,0.137,0.0,0.109,0.771,188.606
4ujxDgeTs9YpwMKHSmZ4qc,cemetery,10,65,185477,0.535,0.672,3,-4.417,0,0.0699,0.0275,0.0,0.327,0.521,110.048
1Y2583xYzwiEXDetAB7H1Q,cemetery,9,74,240230,0.48,0.329,11,-12.487,0,0.0329,0.874,0.00165,0.244,0.385,80.375
4c38yr2PflGI2DSIzqsnmF,cemetery,9,60,166362,0.476,0.983,1,-3.282,1,0.0687,0.00182,1.86e-05,0.294,0.723,120.022
6tMdpUXfT70TD6Eh3XfB1p,cemetery,9,85,230895,0.648,0.827,9,-4.78,0,0.042,0.00533,0.338,0.217,0.598,176.005
6HYKgl1NaCgJkm24EeaeKs,cemetery,9,67,166333,0.351,0.903,8,-2.341,1,0.0681,0.00216,7.44e-05,0.252,0.354,180.032
7wjmdC4OL3l1nh9zQwCpv8,cemetery,8,64,228853,0.363,0.716,11,-6.823,0,0.111,0.482,5.06e-06,0.0189,0.581,190.965
0I1eFRytp4XRhLCjT6tZm7,cemetery,8,85,198213,0.247,0.438,5,-8.478,1,0.0358,0.0447,0.000867,0.111,0.39,185.711
5ZbwPEUqw1hK6rp0ppD8lR,cemetery,8,73,165832,0.491,0.771,9,-5.037,1,0.041,0.00149,0.000262,0.232,0.242,103.005
5oiZiF3fBLHqgTDaH0Pj7M,cemetery,7,66,199587,0.633,0.632,7,-9.55,1,0.0643,0.588,0.0,0.0499,0.792,150.024
0OcW6k1AZqlALuYZEo2wZQ,cemetery,7,56,185227,0.807,0.415,5,-6.931,1,0.0378,0.669,0.0123,0.0611,0.665,94.472
6bfPo8Ge3VoD4dEGSDs0R9,cemetery,7,64,74960,0.492,0.611,0,-6.438,1,0.102,0.193,0.0,0.691,0.933,182.529
7BxJz17EyAHjZlHEEqrtm6,cemetery,7,67,282126,0.488,0.68,2,-8.143,0,0.0328,0.00329,0.398,0.144,0.64,139.984
37y7iDayfwm3WXn5BiAoRk,cemetery,7,92,173104,0.603,0.783,6,-4.023,1,0.062,0.449,7.96e-06,0.119,0.775,172.041
2y51QpLzI5qbWfCcSx9Tu1,cemetery,7,68,194320,0.664,0.797,7,-4.473,1,0.0362,0.194,0.0,0.337,0.284,97.004
2QjOHCTQ1Jl3zawyYOpxh6,cemetery,7,94,240400,0.612,0.807,10,-2.81,1,0.0336,0.0495,0.0177,0.101,0.398,124.053
37mfTcSlX60JtAvAETytGs,cemetery,7,77,195717,0.516,0.85,4,-3.909,0,0.0706,0.00139,0.0,0.296,0.583,120.324
1gOVlit7zHwuKv8HVta06I,cemetery,7,67,174395,0.564,0.647,10,-6.759,0,0.0407,0.114,0.0,0.17,0.458,95.923
5gqGKzCDdxPHnRSkGoxD66,cemetery,7,68,184609,0.405,0.897,2,-4.533,1,0.264,0.00637,1.79e-06,0.266,0.744,200.083
0vf2eBw2inhl8y61cYQMv2,cemetery,6,84,179955,0.576,0.759,3,-8.165,1,0.0599,0.12,0.0,0.121,0.501,99.969
4VoSYq3aTp57jgrdNswzrd,cemetery,6,62,227741,0.56,0.885,4,-5.497,0,0.0867,0.000469,0.0,0.119,0.806,154.006
6efrNjO7qLfIcvdSa81J86,cemetery,6,55,155195,0.406,0.771,0,-9.912,1,0.0547,1.31e-05,0.0,0.142,0.619,184.412
1tmRlF5pFo8G5OfJYUjWrR,cemetery,6,70,282732,0.625,0.71,0,-8.577,0,0.0535,0.196,0.0012,0.181,0.573,160.147
1baoZlq32nBee9tcYbQYxV,cemetery,6,0,232812,0.478,0.33,11,-12.4,0,0.0339,0.862,0.00113,0.176,0.413,79.484
1BYZxKSf0aTxp8ZFoeyM3d,cemetery,6,88,184154,0.566,0.366,7,-12.808,1,0.028,0.113,0.181,0.155,0.237,129.959
0QZ5yyl6B6utIWkxeBDxQN,cemetery,6,81,208212,0.545,0.366,2,-9.51,1,0.0378,0.969,0.267,0.641,0.1,86.997
3zAqapGmeTcDB4xES8LBUL,cemetery,6,66,278742,0.462,0.792,1,-4.812,1,0.0456,4.57e-05,0.0976,0.111,0.372,174.021
463r5bsN1VqGXtaMctn4Rr,cemetery,6,80,174395,0.564,0.647,10,-6.759,0,0.0407,0.114,0.0,0.17,0.458,95.923
45ROR8UMn60YEVQnDy0uVF,cemetery,6,83,278991,0.546,0.586,6,-8.488,1,0.0313,0.00346,0.00114,0.0562,0.364,131.778
0eDFrr2qgbIPQSU9YQeAXM,cemetery,6,8,277400,0.777,0.192,8,-17.371,1,0.318,0.638,0.0,0.198,0.638,75.007
3xieSkbcWlOsQUNFNIE4C5,cemetery,6,38,166531,0.91,0.622,2,-9.08,0,0.313,0.17,0.0,0.111,0.429,98.057
7svpAkwc6xaSxlbZ7V7JiS,cemetery,6,80,161463,0.529,0.353,7,-12.835,1,0.0292,0.788,0.853,0.116,0.0601,104.557
5cbVQm11IEZieWTgX1UT25,cemetery,5,59,242567,0.611,0.5,1,-5.555,0,0.0327,0.682,0.0,0.137,0.429,128.001
0AFydkgl5Creero3gNjqvF,cemetery,5,69,222986,0.333,0.41,11,-9.534,0,0.0305,0.873,0.406,0.122,0.262,143.975
6405hOm4Nxfxzm2wxXw2BU,cemetery,5,0,285987,0.606,0.618,11,-5.1,1,0.0258,0.325,0.0019,0.108,0.237,92.061
0HBrtXJohbIW4IhPZ50GmH,cemetery,5,78,160613,0.538,0.607,9,-5.261,0,0.216,0.248,5.54e-06,0.0999,0.515,175.424
0zHgtaaO1T7AQh4TA9AK1b,cemetery,5,60,212013,0.701,0.376,4,-10.883,0,0.0447,0.799,0.0,0.126,0.673,111.922
6Dqs6JddZc16yl27MDzIWY,cemetery,5,74,202320,0.519,0.413,8,-14.462,1,0.21,0.331,0.0666,0.106,0.404,159.398
4Zfiia10nj9oj6qVqNc63Q,cemetery,5,57,107389,0.537,0.646,5,-12.909,1,0.034,0.587,0.0,0.064,0.772,170.012
7l8gHk3b9AwjC7gRhOqtP4,cemetery,5,63,242567,0.619,0.51,1,-5.549,0,0.0305,0.687,0.0,0.137,0.441,127.966
7t19ubLwfZubJh2HpCUTrC,cemetery,5,3,167307,0.338,0.819,3,-5.666,1,0.0736,0.0234,0.0,0.129,0.698,118.905
4s5DywrMqIlGxvKi4WrHwH,cemetery,5,59,119880,0.532,0.652,9,-6.112,0,0.119,0.262,0.0,0.461,0.797,80.803
3D1PuFi2U8lmtdWRZcCz1f,cemetery,5,64,157600,0.507,0.399,9,-10.917,0,0.0358,0.871,0.000377,0.113,0.225,115.588
3vZUC1m6QVm7urnN6lcF64,cemetery,5,72,285987,0.606,0.618,11,-5.1,1,0.0258,0.325,0.0019,0.108,0.237,92.061
7H0ya83CMmgFcOhw0UB6ow,cemetery,5,84,320467,0.508,0.792,0,-7.311,0,0.0297,0.229,0.124,0.145,0.601,147.067
7lRlq939cDG4SzWOF4VAnd,cemetery,5,79,186480,0.21,0.94,9,-3.427,1,0.123,0.00602,0.0,0.269,0.255,179.722
7brQHA2CgQpcMBiOlfiXYb,cemetery,5,81,251187,0.464,0.701,6,-5.693,0,0.0411,0.00892,0.309,0.335,0.356,83.996
2DgdHcjWmO3qd50RzuBLgZ,cemetery,5,82,208707,0.506,0.817,11,-5.051,0,0.0335,0.00272,0.0,0.0486,0.506,109.952
0Zh3tKIphLOvQux4dA6PFZ,cemetery,5,72,279027,0.236,0.799,4,-5.167,0,0.0939,0.0136,0.0,0.0948,0.303,208.951
7s8VgA8OjvwBUuigKzEGBx,cemetery,5,79,226073,0.811,0.266,7,-12.478,1,0.0406,0.56,1.05e-06,0.0962,0.211,130.044
1H7zdcRD0gLGQY0w5ejGgX,cemetery,5,84,213920,0.559,0.871,5,-5.338,0,0.0392,7.53e-06,0.00524,0.096,0.573,104.976
4wQUopWk9Ed7Ng5qpKN5qd,cemetery,5,68,172973,0.583,0.918,6,-3.612,1,0.0518,0.288,0.0,0.0701,0.836,164.081
0hz1U3L72S1DDBSfNzXhMC,cemetery,5,49,165253,0.648,0.869,5,-5.564,0,0.0415,0.000405,0.000121,0.328,0.873,107.018
6DdJT7IApAVhfeXD4sJYC4,cemetery,5,52,215733,0.498,0.969,0,-2.205,1,0.0638,4.53e-05,3.64e-05,0.376,0.66,90.027
0J2VThndVZpqjEqQeNUB73,cemetery,5,50,219707,0.54,0.918,11,-3.87,0,0.042,3.81e-05,1.16e-06,0.836,0.642,127.929
2enPRFda84VE2wtI8c86Uf,cemetery,5,85,223747,0.174,0.742,8,-5.93,1,0.0485,0.00181,0.281,0.198,0.36,163.378
1E2R5JS5pHLLQowZ4xjpiB,cemetery,5,6,245505,0.897,0.424,5,-11.086,0,0.158,0.271,0.0,0.166,0.433,120.048
1jKv2VBMGnhPDsnZQoaq1j,cemetery,5,56,188854,0.797,0.295,1,-13.334,0,0.0589,0.371,0.000229,0.0942,0.403,138.001
3NpRkAnxexTh4TklAZNjag,cemetery,5,0,184615,0.655,0.34,10,-6.834,1,0.358,0.332,8.73e-05,0.106,0.24,90.67
3Lw41pfko5XMrsHRtlbo2k,cemetery,5,75,118630,0.712,0.477,9,-3.626,1,0.339,0.331,0.0203,0.129,0.415,130.694
5E30LdtzQTGqRvNd7l6kG5,cemetery,5,90,260173,0.588,0.521,10,-9.461,1,0.0329,0.0678,0.149,0.123,0.337,85.012
3hRV0jL3vUpRrcy398teAU,cemetery,5,86,208212,0.544,0.369,2,-9.514,1,0.038,0.969,0.279,0.639,0.102,87.01
1Ac5BDsGUMQ3tsW2vnc52x,cemetery,5,11,278640,0.443,0.545,0,-8.196,1,0.0273,0.000813,0.0137,0.202,0.104,99.914
0UV5zxRMz6AO4ZwUOZNIKI,cemetery,5,81,234800,0.454,0.82,2,-4.193,1,0.0567,0.132,0.000969,0.115,0.575,166.303
5dTHtzHFPyi8TlTtzoz1J9,cemetery,5,77,204733,0.356,0.96,4,-3.487,1,0.104,0.0142,0.0,0.209,0.0857,125.921
7HWaB2AEfyhAUEPkW9G4ni,cemetery,4,64,114000,0.857,0.117,0,-13.031,1,0.119,0.578,0.92,0.12,0.114,160.001
0zMAvsQmaQ4DGsmXtKixpn,cemetery,4,82,262173,0.516,0.755,5,-3.724,1,0.0383,0.0633,0.00103,0.107,0.165,140.099
1zyGFId8xHOcRmCmehrwlc,cemetery,4,70,166573,0.69,0.795,3,-4.956,1,0.0312,0.255,0.0,0.202,0.872,96.99
5Pkn31exSVgFbfDAH961QC,cemetery,4,59,331400,0.354,0.426,6,-8.704,0,0.0295,0.782,0.11,0.115,0.185,98.062
7EkWXAI1wn8Ii883ecd9xr,cemetery,4,91,147062,0.345,0.941,9,-9.918,1,0.0466,3.84e-05,0.633,0.0511,0.407,179.626
5gIJ6UEog9PR840GJuEYqa,cemetery,4,53,351096,0.324,0.939,4,-3.194,0,0.085,0.311,8.74e-06,0.278,0.295,124.995
2vzbU9nlpIMYxlt0FucOHi,cemetery,4,65,194587,0.532,0.88,11,-5.119,1,0.0362,0.00135,0.0,0.348,0.727,95.921
3rM10JnYLTVRFBqzMe9Q6Q,cemetery,4,60,208293,0.497,0.744,2,-6.847,1,0.0368,0.15,2.59e-05,0.133,0.611,154.534
0aQ9wNW5K3FPXhyw8LcIZO,cemetery,4,40,198397,0.597,0.375,2,-9.837,0,0.0562,0.861,0.0,0.246,0.381,98.981
2kS6td1yvmpNgZTt1q5pQq,cemetery,4,83,181680,0.527,0.922,9,-2.666,0,0.0728,0.00475,0.000162,0.422,0.49,95.975
1iQEJgZIeIjLr35PVxYcJF,cemetery,4,59,97373,0.872,0.339,0,-10.495,1,0.0388,0.578,0.0344,0.158,0.501,104.048
0RjG5JmdOWXAR68dGlKBA5,cemetery,4,77,112960,0.547,0.287,6,-12.28,1,0.149,0.514,0.774,0.119,0.177,120.792
7JTGwb6ug0z15F5roNLE0s,cemetery,4,69,139851,0.832,0.346,0,-9.64,1,0.036,0.112,1.29e-05,0.0945,0.688,98.512
2hKtLq0OFHoK7ftAqn456x,cemetery,4,57,164598,0.403,0.328,10,-11.369,1,0.181,0.736,7.83e-06,0.82,0.609,189.485
3JPnVN4wYlmQnuD7OgDx88,cemetery,4,68,103343,0.695,0.232,1,-11.01,1,0.0972,0.825,0.0,0.59,0.451,100.488
4JE6agBLHGA5TaF6FlqfBD,cemetery,4,79,218755,0.331,0.45,10,-5.362,1,0.034,0.365,0.00464,0.22,0.18,123.829
7asyVbwQE7IbA3x2be7bdI,cemetery,4,72,233785,0.675,0.464,1,-9.277,1,0.151,0.0635,0.073,0.0711,0.129,79.55
3vFZheR74pxUkzxqhXTZ2X,cemetery,4,68,222107,0.58,0.791,11,-7.604,0,0.324,0.196,0.00326,0.0793,0.343,83.323
0VmREvheUiN0xgM5fJYQqp,cemetery,4,74,213573,0.596,0.633,10,-3.602,0,0.0594,0.131,0.0,0.343,0.473,148.09
0mFSV2Bawz8i9wnlc9eYme,cemetery,4,74,207533,0.629,0.85,1,-3.653,1,0.0261,0.00802,0.0284,0.155,0.526,104.033
4ZUv5GgKcziw6ZjyxUfudU,cemetery,4,69,145344,0.648,0.22,5,-10.735,1,0.0503,0.868,0.0,0.291,0.614,110.706
08KTQSs3ickNki7FFTb6fY,cemetery,4,75,187385,0.661,0.836,1,-4.079,0,0.0297,0.00615,0.0,0.032,0.799,137.507
7vgTNTaEz3CsBZ1N4YQalM,cemetery,4,82,271387,0.573,0.545,7,-4.247,0,0.0288,0.0969,0.0,0.329,0.297,83.378
3YJJjQPAbDT7mGpX3WtQ9A,cemetery,4,87,279204,0.436,0.655,1,-8.37,0,0.0583,0.499,8.1e-06,0.688,0.412,121.002
2tznHmp70DxMyr2XhWLOW0,cemetery,4,83,208760,0.636,0.676,2,-3.442,1,0.0263,0.0807,0.0,0.0831,0.273,113.98
1uxgAlSrXK5Xlo59HHsOPW,cemetery,4,0,87920,0.448,0.335,1,-9.902,1,0.0487,0.961,0.0381,0.0945,0.228,125.244
6suYoN4gFkanqOBn5yRnJC,cemetery,4,81,329050,0.486,0.528,1,-11.722,1,0.0463,0.00387,1.4e-05,0.106,0.452,178.519
3Yvk0ZLxMlt6ioasvdN6vB,cemetery,4,74,272903,0.509,0.478,4,-10.051,1,0.0392,0.185,1.4e-06,0.0891,0.323,139.926
0rKtyWc8bvkriBthvHKY8d,cemetery,4,87,209274,0.515,0.479,3,-7.458,1,0.0261,0.544,0.00598,0.191,0.284,88.964
0kFFvTvmSgJeNkVKPFaplu,cemetery,4,53,153313,0.648,0.781,9,-8.736,0,0.0271,0.0332,0.013,0.305,0.822,133.417
7H7NyZ3G075GqPx2evsfeb,cemetery,4,85,231724,0.538,0.557,11,-8.678,1,0.0914,0.262,0.914,0.102,0.506,131.03
6K4t31amVTZDgR3sKmwUJJ,cemetery,4,88,216320,0.64,0.74,4,-4.083,1,0.0284,0.0115,0.00678,0.167,0.785,116.879
27NovPIUIRrOZoCHxABJwK,cemetery,4,95,212000,0.736,0.704,3,-7.409,0,0.0615,0.0203,0.0,0.0501,0.894,149.995
1iBljl6IFBU6OkUMJVKMbn,cemetery,4,71,160519,0.495,0.457,7,-6.072,1,0.0306,0.407,1.25e-06,0.142,0.342,82.825
1rRwwqteLePmi70PGaC8ah,cemetery,4,77,216667,0.687,0.646,4,-3.841,1,0.039,0.0973,0.000593,0.161,0.323,139.978
431qZaQAJuIolwBrlDa6Yg,forest,8,64,231587,0.435,0.523,0,-9.502,1,0.041,0.535,0.00011,0.162,0.374,178.301
1n9sCOqpuWdoFUZxJeBRkh,forest,8,42,181700,0.191,0.244,2,-22.741,1,0.0457,0.986,0.854,0.33,0.0651,73.175
0Y4ipB4nBIZA3dWUWcoeLB,forest,8,55,160000,0.17,0.364,2,-21.87,1,0.0701,0.839,0.948,0.975,0.21,83.16
41yIvlFgvGwxq8qTqAR7eG,forest,7,77,210080,0.592,0.416,1,-9.794,1,0.0246,0.882,0.000586,0.112,0.417,96.002
0mJgYBqXh1B1KetCUVe3QT,forest,7,36,132880,0.62,0.848,0,-7.201,1,0.0391,0.354,0.00103,0.698,0.732,133.557
4vNi58k37duYWVUPJ3OQtk,forest,7,46,172000,0.123,0.168,5,-18.549,1,0.0412,0.976,0.976,0.962,0.134,97.189
5yu3LOGDf4Y47XxBX6OEjO,forest,7,49,152476,0.187,0.306,2,-19.847,1,0.0441,0.972,0.982,0.755,0.036,118.822
3mzmxVaXlVz1qT5r2ziGee,forest,7,46,184110,0.186,0.0282,10,-23.196,1,0.0527,0.951,0.983,0.372,0.0362,115.077
5Gf1abXhaI10rBHOKeXNU0,forest,7,51,153359,0.162,0.197,2,-21.841,1,0.0387,0.963,0.978,0.965,0.0356,95.53
6SUVWUASzH4dfBP8vPb2uK,forest,7,46,166533,0.166,0.133,0,-22.739,1,0.042,0.947,0.97,0.963,0.0316,75.506
7qH9Z4dJEN0l9bidizW7fq,forest,6,80,257533,0.457,0.407,9,-11.475,1,0.0308,0.805,0.884,0.126,0.126,117.053
70ZhYH2joI9RCE45TG52sS,forest,6,46,133093,0.329,0.387,11,-34.396,0,0.449,0.279,0.898,0.394,0.04,87.452
2NMA93HoL1DkxNLbnyOOqA,forest,6,58,150726,0.0717,0.0402,1,-30.543,1,0.0446,0.307,0.953,0.179,0.0353,79.741
2BOof6lYrGfz6BojJ0aeJd,forest,6,67,191773,0.364,0.308,4,-13.052,1,0.0402,0.896,0.00227,0.123,0.389,73.331
0wJoRiX5K5BxlqZTolB2LD,forest,6,74,170813,0.533,0.905,2,-5.27,1,0.0754,0.00876,0.578,0.0698,0.486,108.9
5qMBjLvAa8BnShLMoehFkY,forest,6,32,131311,0.557,0.374,3,-12.275,0,0.218,0.195,6.29e-06,0.0973,0.104,148.042
1qRA5BS78u3gME0loMl9AA,forest,6,79,153693,0.653,0.519,2,-10.164,1,0.0497,0.406,0.0209,0.101,0.822,98.883
4yyg2J2uXOjCtCyT64984C,forest,6,72,284147,0.555,0.584,4,-8.667,1,0.0301,0.274,0.0228,0.254,0.41,120.965
3GGt2kbKX4VFCs3VM5JcsH,forest,6,35,314400,0.582,0.485,6,-12.781,0,0.0326,0.349,0.624,0.668,0.751,128.872
7zAoVpCLJFsyRfCbGUIAFf,forest,6,46,709333,0.438,0.78,2,-11.26,1,0.0579,0.0969,0.794,0.723,0.84,138.933
3bZx43GLQeXXVIGyXvhk6R,forest,6,49,167759,0.259,0.246,7,-24.521,1,0.0751,0.88,0.975,0.94,0.0733,56.81
2dKNF0EYNtLbUlgLhWwjsG,forest,6,49,112000,0.19,0.161,2,-20.719,1,0.0385,0.901,0.97,0.77,0.0809,113.881
3aTEisazzfJJSEnzdHW7rp,forest,6,51,120000,0.106,0.139,2,-20.068,1,0.044,0.902,0.946,0.218,0.0555,165.416
2unSnHtBPVc8pUUi0roONR,forest,6,49,152000,0.0937,0.122,2,-20.741,1,0.0474,0.923,0.912,0.151,0.0684,80.573
3sQwDiyaYGQD7VqHHXCllh,forest,6,48,110000,0.176,0.0635,2,-20.793,1,0.0453,0.848,0.911,0.203,0.0415,133.034
1rWF3tXTZarko9sevQEi7o,forest,6,48,126000,0.164,0.101,2,-21.094,1,0.0441,0.951,0.975,0.329,0.0484,76.463
6eAXvj1nkJFRscOMhB0PaK,forest,6,47,156000,0.215,0.121,2,-20.186,1,0.0453,0.921,0.955,0.352,0.0395,58.416
5S8jZV5LeZODEITey2AqIP,forest,6,47,92000,0.21,0.118,2,-20.07,1,0.0449,0.834,0.866,0.167,0.0344,111.439
6D5CDCsPHCEptwVZ2LLNpz,forest,6,47,108000,0.212,0.142,2,-19.807,1,0.047,0.868,0.943,0.283,0.0395,116.492
1bwlQRDL3zeUx5TC4HVzNq,forest,6,47,104000,0.13,0.0173,2,-22.064,1,0.0536,0.349,0.942,0.515,0.0343,144.15
3Z6raiZ9TdB3ZKC6fdhr6y,forest,6,47,152012,0.166,0.333,0,-21.147,1,0.0482,0.959,0.985,0.364,0.124,129.812
1pFwLaLvKsIrYdL9YhPDqp,forest,6,38,122301,0.175,0.271,2,-27.558,1,0.0919,0.979,0.949,0.339,0.176,107.897
4j6eZ1bIO1Uz4lvECRJvvz,forest,6,36,112000,0.194,0.12,2,-24.578,1,0.0406,0.987,0.851,0.114,0.0373,131.538
2cYSSkFFFRByPE4UAe8cXF,forest,6,36,112000,0.223,0.131,2,-24.324,1,0.0421,0.988,0.914,0.114,0.0361,76.907
1FvTwExqFdUrteMeOedwBi,forest,6,35,128000,0.203,0.355,9,-26.754,1,0.157,0.985,0.943,0.447,0.253,90.037
5HxBraHhwyhyLPRUHodX4K,forest,6,35,128000,0.174,0.74,11,-29.858,0,0.336,0.989,0.967,0.348,0.0131,146.584
7a1wqls4qPsDwd0ZGYg2LC,forest,6,35,96000,0.188,0.147,2,-24.184,1,0.0417,0.993,0.908,0.135,0.0351,78.689
4vOC1K6rq1Xp5FYrHDGneN,forest,6,35,96000,0.21,0.119,2,-23.742,1,0.0384,0.992,0.911,0.12,0.0373,96.414
2p6Jv9mL4dUsKfhdVvHufo,forest,6,35,160356,0.211,0.189,2,-23.991,1,0.0437,0.991,0.921,0.397,0.0362,124.633
5JvXCdAxMsQiPk7Sf6F4bx,forest,6,35,105644,0.318,0.648,0,-37.212,0,0.0773,0.977,0.969,0.612,0.0153,46.308
28sWYevC75ZrUMJ0tD4zWM,forest,5,59,313480,0.521,0.265,1,-18.229,1,0.0319,0.961,0.133,0.0676,0.392,77.519
4fbvXwMTXPWaFyaMWUm9CR,forest,5,7,336613,0.374,0.304,1,-14.52,1,0.0302,0.943,0.298,0.126,0.147,147.969
4k7x3QKrc3h3U0Viqk0uop,forest,5,80,289560,0.329,0.277,10,-13.111,0,0.0302,0.971,0.024,0.0971,0.121,159.719
7a1XGxwYRr3YUW3NpKrBDX,forest,5,50,144877,0.272,0.565,1,-34.349,1,0.249,0.271,0.0122,0.274,0.0256,76.968
23Hpf0InC4WVSmg9KaNxIy,forest,5,51,86512,0.587,0.0529,6,-38.126,0,0.157,0.868,0.792,0.258,0.0257,114.807
6bqB7idfAnJVisSMQA1mZQ,forest,5,59,135453,0.212,0.186,0,-16.813,1,0.05,0.92,0.00024,0.116,0.51,174.963
7pecvxazasdLJwT4IQbmUa,forest,5,46,273820,0.411,0.874,10,-13.957,0,0.344,0.0944,0.0131,0.18,0.0535,123.535
1IF5UcqRO42D12vYwceOY6,forest,5,78,211960,0.671,0.156,8,-16.288,1,0.0371,0.804,0.0518,0.113,0.201,94.08
1bqrRn1pJWowNLA5N9L6uW,forest,5,67,262209,0.543,0.925,6,-6.783,0,0.0448,0.392,0.456,0.0668,0.594,80.499
3d8y0t70g7hw2FOWl9Z4Fm,forest,5,80,160097,0.664,0.573,5,-6.519,1,0.0277,0.613,0.000363,0.0857,0.566,76.023
37zuIvk4KBkAxxLJsxJaHq,forest,5,67,268293,0.521,0.526,5,-6.032,1,0.0281,0.243,0.00537,0.108,0.502,130.694
5Pkn31exSVgFbfDAH961QC,forest,5,59,331400,0.354,0.426,6,-8.704,0,0.0295,0.782,0.11,0.115,0.185,98.062
3yrSvpt2l1xhsV9Em88Pul,forest,5,83,183307,0.491,0.583,7,-10.964,1,0.0376,0.185,0.0,0.406,0.908,150.566
6ToM0uwxtPKo9CMpbPGYvM,forest,5,75,145867,0.421,0.751,9,-9.584,1,0.0472,0.2,0.0,0.17,0.789,89.839
1Jmqubf9kGkWeYQXQKImL5,forest,5,75,130173,0.699,0.467,4,-8.578,0,0.0375,0.685,0.0,0.315,0.764,119.287
1jCoAM7i3fDWvcWOv2PX0U,forest,5,33,194252,0.833,0.611,8,-9.773,1,0.293,0.5,0.0,0.633,0.416,96.024
5zLXUaYlIqhTcm7OJVSqgb,forest,5,34,284427,0.338,0.598,0,-13.432,1,0.101,0.765,0.839,0.459,0.678,91.594
4Kj1bVGbCPcefOMXYPJkhV,forest,5,31,295600,0.442,0.664,11,-11.766,0,0.0591,0.0196,0.377,0.726,0.405,125.021
6sSafLNnD2kljo012VSdRu,forest,5,30,325267,0.461,0.834,8,-13.794,1,0.0441,0.0259,0.869,0.381,0.63,133.12
1FGolefVk3rQ2Vo4KvyGwb,forest,5,26,623733,0.47,0.755,2,-8.472,1,0.151,0.263,0.0561,0.959,0.431,83.66
0rl1mAu2HBkIptk1rUtzlI,forest,5,29,169957,0.403,0.303,0,-16.873,1,0.12,0.59,0.0,0.693,0.579,171.101
5mChZj2DkveQkSqC6tXHdZ,forest,5,26,275496,0.282,0.237,1,-17.871,1,0.0547,0.759,0.0,0.13,0.416,82.559
1gQkBFhxuDAfp5QQ2SP7ik,forest,5,30,271354,0.408,0.364,9,-14.531,1,0.0538,0.641,0.0,0.568,0.538,119.445
4sYfCERMWBYDoHku3wAJYJ,forest,5,24,164900,0.411,0.381,7,-13.908,1,0.0329,0.777,0.0,0.676,0.384,88.015
2jNn5LOOEUswQHJNnO3LkH,forest,5,30,146307,0.508,0.121,7,-20.006,1,0.0381,0.937,2.06e-05,0.403,0.568,114.578
0Qf6vpZlHGDQHIpcIaNWo6,forest,5,24,173760,0.595,0.158,2,-17.446,1,0.0576,0.752,4.41e-06,0.139,0.392,135.968
3LZx7JD73a9oao8hT7lt9g,forest,5,24,316573,0.417,0.352,7,-17.601,1,0.232,0.832,0.00147,0.502,0.382,95.221
6XrZB8gnnuSqXZJKHUZ55C,forest,5,22,222107,0.549,0.133,9,-16.793,1,0.0785,0.814,1.62e-05,0.694,0.198,76.632
4VuM1LN6q2w3BUWnKKiYLT,forest,5,23,282907,0.57,0.204,7,-20.046,1,0.0307,0.74,0.00027,0.731,0.519,79.036
2obv0TqY1j7Vb4upuhA8Q8,forest,5,26,339320,0.518,0.219,7,-18.147,1,0.034,0.784,0.0612,0.985,0.5,77.959
0NlS8U09m91sam9SboKNpA,forest,5,26,269000,0.449,0.246,7,-14.743,0,0.0392,0.944,0.00024,0.417,0.226,110.614
57460SJgSpCXaRJ9YIYHxy,forest,5,65,171373,0.653,0.239,5,-18.54,0,0.0453,0.806,0.0146,0.132,0.765,80.392
0ofHAoxe9vBkTCp2UQIavz,forest,5,87,257800,0.828,0.492,0,-9.744,1,0.0276,0.0644,0.00428,0.128,0.789,120.151
2KCqAdd2ad0hpJc5ySoTE8,forest,5,73,233973,0.67,0.496,2,-11.23,1,0.0277,0.627,0.00325,0.0584,0.427,100.17
1lJBRKkB6eIL98dv1c1PCC,forest,5,45,347023,0.513,0.695,6,-8.17,0,0.0495,0.874,0.252,0.347,0.35,125.428
22U0EjcRCMdgnxAahDV0rP,forest,5,47,120000,0.0796,0.0199,2,-22.122,1,0.0555,0.0119,0.917,0.415,0.0371,77.879
5f6gW2b4DeVFcEe8cnEe8v,forest,5,47,144000,0.177,0.0878,2,-20.1,1,0.0478,0.813,0.963,0.506,0.0804,132.637
11fFu5kxsE98r5SYKLKUAB,forest,5,48,120000,0.138,0.0811,2,-19.847,1,0.0483,0.918,0.966,0.206,0.0978,160.778
2q5Qpn6AwJZbjqLRWY31UN,forest,5,48,74000,0.201,0.101,2,-19.36,1,0.0469,0.929,0.965,0.16,0.107,73.546
7iirzgiSjTlRbyOhYQwOkm,forest,5,46,70000,0.167,0.157,2,-19.083,1,0.0479,0.935,0.965,0.171,0.267,106.438
4FOL6IBAyUq6HVUrxVJlOj,forest,5,46,70000,0.0681,0.621,2,-20.876,1,0.146,0.819,0.95,0.745,0.513,182.527
1o7tEdSpgjBo1gytmCv79p,forest,5,45,99510,0.154,0.339,0,-21.659,1,0.0552,0.954,0.949,0.321,0.145,134.876
3BamLgSS5spS9pDMRUC4nW,forest,5,45,103468,0.113,0.255,0,-20.544,1,0.0463,0.983,0.973,0.156,0.0779,80.632
3JdSUfS0Zm0NVfnIEO8ntG,forest,5,44,112764,0.133,0.889,5,-22.892,1,0.216,0.864,0.977,0.211,0.0267,99.48
0Fdk9FgZJodhV8u0sZjPy8,forest,5,44,128201,0.163,0.523,0,-23.036,1,0.125,0.888,0.991,0.0942,0.142,110.694
2Fz1wFaIew3srIjazAZwUK,forest,5,45,122210,0.133,0.237,0,-20.342,1,0.0415,0.972,0.885,0.137,0.0958,98.425
34ZiIdbnxHrYEMpUxcwU5T,forest,5,44,129399,0.114,0.284,0,-21.275,1,0.0368,0.953,0.981,0.219,0.0605,66.249
6ghxTqBIiuWOiFNXkm9b24,forest,5,44,142579,0.0847,0.744,5,-23.455,1,0.346,0.865,0.96,0.113,0.0194,168.273
3D7mQo3KCY0vu7YelnixLG,forest,5,44,128201,0.158,0.22,0,-21.246,1,0.046,0.977,0.925,0.105,0.125,107.119
6rUgfJuES45VzmCzMHrfzG,forest,5,44,142656,0.15,0.532,0,-21.431,1,0.138,0.958,0.984,0.0756,0.194,66.928
30yoPMZpg8N0uDjgkVRSIQ,forest,5,43,96450,0.164,0.0422,7,-24.492,0,0.0916,0.925,0.981,0.371,0.138,125.508
4sWQ4tqUfTKosEcxGvYIbo,forest,5,43,95478,0.166,0.0517,5,-23.614,1,0.0519,0.96,0.958,0.113,0.0302,114.971
6gory3LC8NvdSaXZHzTiaR,forest,5,43,101497,0.144,0.0359,5,-23.699,1,0.0509,0.948,0.954,0.13,0.0352,138.006
68AbnN0cEtX0MNjpRflhJO,forest,5,43,91932,0.0734,0.0644,10,-23.407,1,0.0532,0.918,0.994,0.111,0.0328,174.905
18Og7hnMbutTHBgKCqJh4i,forest,5,43,90923,0.156,0.0179,5,-23.742,1,0.0513,0.939,0.996,0.14,0.0291,85.721
1KnVqFK7d81ft9fZTX0Daa,forest,5,43,89503,0.0691,0.132,5,-24.046,1,0.086,0.915,0.993,0.726,0.0862,79.266
3wAkVC3DSSPnDwPojanPsw,forest,5,43,130619,0.162,0.132,10,-23.003,1,0.0768,0.899,0.984,0.38,0.0385,128.185
6UNLBpQorw7KFrF06x0FZz,forest,5,43,156748,0.13,0.077,5,-22.369,1,0.0543,0.929,0.986,0.58,0.0288,71.097
0zdI4Yaf9p1VFyMNIFh8Fm,forest,5,45,102012,0.193,0.265,2,-22.58,1,0.0576,0.952,0.966,0.378,0.0391,66.406
3uUuGVFu1V7jTQL60S1r8z,beach,18,96,148197,0.671,0.636,6,-8.117,0,0.103,0.515,0.000411,0.172,0.262,120.966
5t9KYe0Fhd5cW6UYT4qP8f,beach,12,74,219027,0.396,0.473,10,-7.67,0,0.0345,0.326,0.000124,0.109,0.385,133.449
6YUTL4dYpB9xZO5qExPf05,beach,12,86,222533,0.596,0.856,4,-3.556,0,0.0346,0.0211,0.0178,0.141,0.743,127.949
3yrSvpt2l1xhsV9Em88Pul,beach,11,83,183307,0.491,0.583,7,-10.964,1,0.0376,0.185,0.0,0.406,0.908,150.566
2Foc5Q5nqNiosCNqttzHof,beach,10,87,248413,0.794,0.811,6,-8.966,0,0.038,0.0426,1.07e-06,0.101,0.862,116.047
6dGnYIeXmHdcikdzNNDMm2,beach,10,86,185733,0.557,0.54,9,-10.484,1,0.0347,0.0339,0.00248,0.179,0.394,129.171
0e8nrvls4Qqv5Rfa2UhqmO,beach,10,97,143901,0.737,0.846,1,-4.51,0,0.22,0.00614,0.0,0.0486,0.546,87.981
4xqrdfXkTW4T0RauPLv3WA,beach,10,90,198040,0.357,0.425,5,-7.301,1,0.0333,0.584,0.0,0.322,0.27,102.078
4ofwffwvvnbSkrMSCKQDaC,beach,9,81,201287,0.673,0.735,5,-4.733,1,0.0457,0.286,0.0,0.242,0.754,115.744
0wz1LjDb9ZNEYwOmDJ3Q4b,beach,9,75,149373,0.55,0.854,3,-5.968,1,0.036,0.661,0.0,0.112,0.965,159.231
62aP9fBQKYKxi7PDXwcUAS,beach,9,83,176547,0.674,0.774,11,-7.567,0,0.0892,0.0686,0.00188,0.393,0.33,112.05
02MWAaffLxlfxAUY7c5dvx,beach,9,96,238805,0.761,0.525,11,-6.9,1,0.0944,0.44,6.7e-06,0.0921,0.531,80.87
6OufwUcCqo81guU2jAlDVP,beach,9,86,241970,0.727,0.681,5,-7.114,0,0.0265,0.00214,0.000307,0.0861,0.448,123.028
20on25jryn53hWghthWWW3,beach,9,95,157890,0.854,0.806,11,-8.262,0,0.0886,0.0209,0.0542,0.0703,0.637,124.927
6A9mKXlFRPMPem6ygQSt7z,beach,9,81,180267,0.814,0.482,9,-10.493,1,0.0588,0.0111,1.57e-06,0.0476,0.615,148.404
7ef4DlsgrMEH11cDZd32M6,beach,9,86,214847,0.791,0.862,9,-3.24,0,0.11,0.037,2.19e-05,0.0814,0.592,123.994
6PQ88X9TkUIAUIZJHW2upE,beach,9,53,231041,0.808,0.897,11,-3.712,0,0.0348,0.0469,3.14e-05,0.364,0.591,126.026
6vN77lE9LK6HP2DewaN6HZ,beach,9,84,142273,0.963,0.346,5,-9.309,0,0.53,0.0355,0.0,0.108,0.562,119.957
1hgNhooPszJZOZ0gLBU88t,beach,9,54,198040,0.505,0.425,5,-7.301,1,0.0292,0.586,0.0,0.321,0.285,92.061
0b18g3G5spr4ZCkz7Y6Q0Q,beach,8,86,186210,0.758,0.913,6,-2.926,0,0.113,0.00364,6.92e-05,0.193,0.658,128.04
18asYwWugKjjsihZ0YvRxO,beach,8,95,164819,0.754,0.763,7,-4.627,0,0.0435,0.0301,2.23e-05,0.0901,0.464,117.953
5tf1VVWniHgryyumXyJM7w,beach,8,81,219043,0.636,0.815,5,-5.098,0,0.0581,0.0185,0.0,0.163,0.636,123.063
6f3Slt0GbA2bPZlz0aIFXN,beach,8,89,164000,0.798,0.62,8,-7.079,0,0.232,0.414,0.0192,0.112,0.235,120.031
5fwSHlTEWpluwOM0Sxnh5k,beach,8,94,287120,0.762,0.766,7,-3.955,1,0.0343,0.00776,6.98e-05,0.128,0.442,130.001
6RtPijgfPKROxEzTHNRiDp,beach,8,84,224840,0.773,0.758,1,-4.993,1,0.0381,0.0422,0.0,0.305,0.925,144.033
7vFoFDWqTX0mHzLfrF1Cfy,beach,8,81,180566,0.782,0.685,4,-6.237,1,0.0309,0.166,1.18e-05,0.16,0.603,118.016
5HCyWlXZPP0y6Gqq8TgA20,beach,8,97,141806,0.591,0.764,1,-5.484,1,0.0483,0.0383,0.0,0.103,0.478,169.928
78QR3Wp35dqAhFEc2qAGjE,beach,8,86,145543,0.897,0.662,1,-6.903,0,0.292,0.0852,0.0,0.534,0.389,112.511
5rX6C5QVvvZB7XckETNych,beach,7,77,297587,0.7,0.864,7,-3.629,1,0.0283,0.0212,0.0,0.0956,0.887,102.997
6zSpb8dQRaw0M1dK8PBwQz,beach,7,96,202735,0.796,0.798,1,-6.312,1,0.0317,0.034,4.19e-05,0.0952,0.942,116.032
4iJyoBOLtHqaGxP12qzhQI,beach,7,91,198082,0.677,0.696,0,-6.181,1,0.119,0.321,0.0,0.42,0.464,90.03
4yugZvBYaoREkJKtbG08Qr,beach,7,80,211578,0.575,0.67,7,-10.39,1,0.0318,0.343,4.95e-06,0.129,0.74,139.191
2Gy7qnDwt8Z3MNxqat4CsK,beach,7,76,153205,0.392,0.629,5,-7.056,1,0.0335,0.718,3.76e-06,0.129,0.72,124.511
6UelLqGlWMcVH1E5c4H7lY,beach,7,91,174000,0.548,0.816,0,-4.209,1,0.0465,0.122,0.0,0.335,0.557,95.39
2tnVG71enUj33Ic2nFN6kZ,beach,7,86,157606,0.88,0.751,7,-4.258,0,0.0874,0.177,6.43e-05,0.106,0.884,117.948
4cG7HUWYHBV6R6tHn1gxrl,beach,7,89,169153,0.824,0.862,2,-3.424,1,0.126,0.0076,0.000132,0.303,0.801,122.98
7yq4Qj7cqayVTp3FF9CWbm,beach,7,85,204280,0.484,0.731,1,-6.694,1,0.0379,0.431,0.0,0.151,0.51,101.654
1HFfMOxCAT4GAwaPfCdmUs,beach,7,82,208133,0.829,0.51,5,-9.334,0,0.0369,0.00821,0.00143,0.0829,0.45,119.994
4h8VwCb1MTGoLKueQ1WgbD,beach,7,9,247427,0.532,0.783,2,-5.697,1,0.0523,0.0038,0.0012,0.161,0.643,124.08
3cHyrEgdyYRjgJKSOiOtcS,beach,7,85,204160,0.581,0.963,11,-4.087,1,0.0981,0.0295,0.0,0.139,0.788,129.992
4ZtFanR9U6ndgddUvNcjcG,beach,7,96,178147,0.563,0.664,9,-5.044,1,0.154,0.335,0.0,0.0849,0.688,166.928
3B54sVLJ402zGa6Xm4YGNe,beach,7,87,233902,0.726,0.769,6,-5.043,1,0.123,0.0293,0.0101,0.104,0.733,97.985
44gRhRi2OhEf7moAUj6MD1,beach,7,74,252729,0.59,0.618,1,-5.756,1,0.334,0.0127,0.0,0.244,0.153,96.459
0hwkukpHcBJfGcIUxi1tK2,beach,7,70,244506,0.834,0.621,7,-6.156,1,0.0821,0.0918,0.0,0.0759,0.613,140.05
5CG9Ps5ynNjpKJHmwc95pa,beach,6,70,197120,0.569,0.638,7,-6.557,1,0.0291,0.000547,0.0,0.0848,0.438,144.042
6xzm6prZTb99kIrbblwQAU,beach,6,0,223307,0.845,0.701,8,-6.025,1,0.0504,0.208,0.0,0.166,0.892,145.892
6cx06DFPPHchuUAcTxznu9,beach,6,87,166028,0.734,0.874,8,-3.158,1,0.0662,0.168,1.14e-05,0.0489,0.905,122.953
2MLHyLy5z5l5YRp7momlgw,beach,6,81,200307,0.654,0.81,4,-6.26,0,0.0288,0.00719,0.00251,0.165,0.661,114.623
6rPO02ozF3bM7NnOV4h6s2,beach,6,76,228827,0.653,0.816,2,-4.353,1,0.167,0.228,0.0,0.0967,0.816,178.085
3eJH2nAjvNXdmPfBkALiPZ,beach,6,89,139672,0.774,0.792,10,-4.021,1,0.0523,0.051,0.0,0.155,0.507,122.062
3DGar7krWlmrXRFHBcQF6z,beach,6,68,163636,0.734,0.765,7,-5.562,1,0.0621,0.151,0.0,0.231,0.518,109.989
24Yi9hE78yPEbZ4kxyoXAI,beach,6,86,176840,0.77,0.724,8,-5.484,1,0.0495,0.0167,0.0107,0.353,0.898,121.975
21jGcNKet2qwijlDFuPiPb,beach,6,90,215280,0.695,0.762,0,-3.497,1,0.0395,0.192,0.00244,0.0863,0.553,120.042
3Wrjm47oTz2sjIgck11l5e,beach,6,93,211560,0.714,0.8,11,-4.808,0,0.0504,0.127,0.0,0.359,0.589,134.002
5PNvgiKSwMdjBsDsgFCFLX,beach,6,77,181306,0.881,0.661,11,-7.681,0,0.0343,0.098,0.0187,0.101,0.965,124.023
0xfMlIW8lS40qvpsUw1l0X,beach,6,82,169945,0.836,0.846,0,-4.673,1,0.0392,0.0907,0.047,0.057,0.942,122.042
0JpEMzTHbt2zBIXrntrXzG,beach,6,84,186141,0.539,0.708,5,-6.189,1,0.0976,0.0129,0.0,0.14,0.381,123.039
4o6BgsqLIBViaGVbx5rbRk,beach,6,81,190627,0.751,0.501,5,-12.151,1,0.0551,0.234,0.112,0.0467,0.902,167.057
2iUmqdfGZcHIhS3b9E9EWq,beach,6,85,177280,0.471,0.924,8,-3.906,1,0.0586,0.00301,0.0,0.313,0.725,154.961
6Uj1ctrBOjOas8xZXGqKk4,beach,6,97,172627,0.824,0.764,5,-4.175,0,0.0854,0.0888,0.00294,0.117,0.881,107.998
22mek4IiqubGD9ctzxc69s,beach,6,81,212640,0.738,0.868,11,-4.373,0,0.0731,0.0392,0.00169,0.388,0.336,122.003
63SevszngYpZOwf63o61K4,beach,6,79,156600,0.6,0.688,5,-8.339,0,0.201,0.159,1.29e-05,0.409,0.0793,99.977
4gvea7UlDkAvsJBPZAd4oB,beach,6,79,288733,0.516,0.549,6,-13.741,1,0.0373,0.501,0.00572,0.184,0.907,176.941
0ofHAoxe9vBkTCp2UQIavz,beach,6,87,257800,0.828,0.492,0,-9.744,1,0.0276,0.0644,0.00428,0.128,0.789,120.151
0n4bITAu0Y0nigrz3MFJMb,beach,6,80,263827,0.853,0.599,7,-4.756,1,0.0411,0.00334,7.93e-06,0.0759,0.843,119.993
7Feaw9WAEREY0DUOSXJLOM,beach,6,79,163805,0.661,0.723,5,-6.976,0,0.0566,0.179,1.23e-05,0.14,0.316,113.778
3zBhihYUHBmGd2bcQIobrF,beach,6,78,163756,0.769,0.367,2,-11.226,1,0.0312,0.684,1.62e-05,0.081,0.535,103.621
1rqqCSm0Qe4I9rUvWncaom,beach,6,85,190947,0.579,0.904,5,-2.729,1,0.0618,0.193,0.0,0.064,0.681,82.014
0ct6r3EGTcMLPtrXHDvVjc,beach,6,90,176658,0.527,0.835,6,-5.298,1,0.0433,0.0166,0.0,0.249,0.654,125.983
6Tio0ZoDeSQnI7EBAqWer2,beach,6,81,141050,0.476,0.594,5,-6.879,1,0.135,0.0599,0.0,0.0785,0.314,159.702
0bRXwKfigvpKZUurwqAlEh,beach,6,79,254560,0.692,0.651,9,-8.267,1,0.0324,0.292,0.00241,0.105,0.706,97.923
2QjOHCTQ1Jl3zawyYOpxh6,beach,6,94,240400,0.612,0.807,10,-2.81,1,0.0336,0.0495,0.0177,0.101,0.398,124.053
6JV2JOEocMgcZxYSZelKcc,beach,6,81,236002,0.666,0.83,0,-5.715,1,0.0751,0.0123,0.0,0.191,0.702,113.03
2bJvI42r8EF3wxjOuDav4r,beach,6,85,229360,0.721,0.802,1,-5.797,1,0.0583,0.0921,0.0,0.694,0.724,124.022
1gihuPhrLraKYrJMAEONyc,beach,6,84,206413,0.707,0.924,7,-2.842,1,0.031,0.000972,0.00703,0.204,0.919,127.937
2P4OICZRVAQcYAV2JReRfj,beach,6,84,230613,0.579,0.736,6,-3.863,0,0.0527,0.31,0.0,0.198,0.613,127.999
0azC730Exh71aQlOt9Zj3y,beach,6,84,222160,0.631,0.927,9,-2.787,0,0.0332,0.199,0.119,0.148,0.465,123.962
3QzAOrNlsabgbMwlZt7TAY,beach,6,83,180435,0.809,0.545,7,-6.678,1,0.0735,0.392,0.0,0.151,0.244,97.008
2QqJTIlGKRLJC3onkavYEz,beach,6,79,163902,0.752,0.673,10,-5.792,0,0.153,0.0538,0.0,0.133,0.35,164.009
3JKgcAa7r07ocVWcV8bS0H,beach,6,82,163798,0.783,0.479,7,-10.646,1,0.541,0.149,0.0,0.101,0.533,176.027
1VLtjHwRWOVJiE5Py7JxoQ,beach,6,87,132833,0.832,0.534,1,-7.813,0,0.253,0.345,0.0,0.165,0.116,93.924
0uxSUdBrJy9Un0EYoBowng,beach,6,88,220587,0.773,0.75,8,-4.009,0,0.117,0.109,0.0,0.174,0.783,123.426
7sO5G9EABYOXQKNPNiE9NR,beach,6,86,172800,0.88,0.428,9,-8.28,1,0.206,0.149,5.05e-05,0.114,0.333,100.007
577YBGuskWkVDCxZrLRB4v,beach,6,80,154024,0.964,0.487,10,-6.071,0,0.421,0.00127,6.57e-06,0.115,0.107,127.05
4Iedi94TIaB2GGb1nMB68v,beach,6,79,135960,0.856,0.564,6,-6.295,0,0.392,0.00327,0.0,0.134,0.483,77.972
23TwR29GSeJBfXnXhmDlwR,beach,6,78,191399,0.729,0.73,11,-5.14,0,0.261,0.00165,4.33e-05,0.118,0.41,156.953
6KbpvmsV6L8JsON1C3JHAV,beach,5,54,289973,0.797,0.7,9,-7.876,1,0.0283,0.0546,2.91e-06,0.231,0.715,104.932
7kWeSMXLxUHHOkFxsS0vhP,beach,5,65,204827,0.787,0.765,0,-6.331,1,0.0265,0.231,1.79e-05,0.323,0.964,115.979
4kbj5MwxO1bq9wjT5g9HaA,beach,5,86,199080,0.578,0.866,1,-3.804,1,0.0619,0.00701,0.0,0.257,0.619,128.038
5IMtdHjJ1OtkxbGe4zfUxQ,beach,5,78,276493,0.836,0.509,0,-13.668,1,0.0548,0.467,4.1e-06,0.0436,0.949,138.714
6cJqlSO19vsfCsH1FeFI35,beach,5,0,183200,0.673,0.772,1,-5.246,0,0.0427,0.0223,1.23e-06,0.141,0.585,90.356
4LZqNiZHiQvGLlt0RkXtqt,beach,5,56,209347,0.718,0.603,7,-8.455,1,0.0317,0.255,0.0146,0.47,0.701,117.928
6FE2iI43OZnszFLuLtvvmg,beach,5,87,175427,0.72,0.791,1,-4.689,1,0.124,0.0384,0.0,0.157,0.756,102.071
5dNGORzxFb5z3v7vSAFkTU,beach,5,64,191040,0.527,0.902,6,-5.352,1,0.0601,0.344,4.63e-05,0.0669,0.709,181.964
1mMLMZYXkMueg65jRRWG1l,beach,5,81,240760,0.551,0.801,6,-5.069,1,0.0303,0.013,6.03e-06,0.265,0.625,128.027
5PNcJn4oFNvlRfrZBHfqWh,beach,5,1,188053,0.611,0.782,8,-4.989,1,0.0474,0.147,0.0,0.115,0.915,101.319
2WKLUgklz0VDX5bKTZ3eYD,beach,5,72,179078,0.574,0.745,2,-6.663,1,0.0507,0.319,0.0,0.11,0.693,154.042
2ojsE7uptG3qk3yTDV0iCX,beach,5,0,222533,0.756,0.796,1,-5.047,1,0.039,0.363,1.56e-06,0.0496,0.817,92.008
0FDzzruyVECATHXKHFs9eJ,beach,5,84,267867,0.545,0.675,6,-6.474,1,0.0279,0.00617,0.00197,0.209,0.162,124.97
5JBtWpLoGO62gb5vax505b,beach,5,76,216092,0.689,0.797,11,-5.604,0,0.128,0.0537,0.0,0.212,0.855,117.982
77DMKSy81rEgMqCz5mgfIf,urban,12,12,272300,0.664,0.442,8,-10.28,0,0.101,0.224,0.921,0.16,0.448,117.781
4hI5PS8GWCftS1AUgNlJV1,urban,7,51,305863,0.866,0.651,1,-6.25,0,0.243,0.0258,0.0,0.21,0.492,140.103
5W1qmxHrMlQGGAiFA3ZQqP,urban,6,90,277693,0.562,0.755,7,-4.367,0,0.112,0.0967,2.25e-05,0.143,0.609,83.997
12upFOLFbpQ5nTENWm2Glj,urban,6,52,153916,0.933,0.639,10,-4.967,0,0.163,0.005,4.48e-06,0.0603,0.336,98.024
60ynsPSSKe6O3sfwRnIBRf,urban,6,89,226987,0.749,0.463,11,-8.433,1,0.0842,0.21,0.0382,0.338,0.189,90.035
5d17AOnsSZLyWuVMYEGvjM,urban,6,33,109179,0.672,0.334,1,-16.264,0,0.536,0.78,0.0,0.119,0.247,80.541
6lX6l7OuA3qrnIRfdsr0dw,urban,6,93,233453,0.787,0.7,4,-4.598,0,0.0768,0.568,0.00051,0.663,0.791,90.02
5clFSlfkCRlhnH1cAQjSBi,urban,5,75,182187,0.709,0.726,7,-7.129,1,0.0411,0.0977,0.0,0.301,0.404,92.006
39RRlNfnL18TNJ2i7XYxhH,urban,5,44,129715,0.597,0.609,11,-6.045,0,0.628,0.378,0.0,0.0954,0.408,99.226
7c5Ny3skYBWh5ByNpaUcZZ,urban,5,47,300967,0.901,0.525,5,-5.456,0,0.212,0.326,0.0,0.161,0.164,134.9
7uXAWHUWb9XiR7tXoLw4uD,urban,5,47,210248,0.769,0.648,5,-5.951,0,0.073,0.176,9.78e-05,0.133,0.708,121.018
69oJmQ3NnWHQriYQ4L8dKa,urban,5,55,212581,0.791,0.75,9,-4.491,0,0.143,0.35,0.0,0.294,0.822,95.984
7iL6o9tox1zgHpKUfh9vuC,urban,5,87,193467,0.899,0.713,6,-2.752,0,0.366,0.255,0.0,0.0708,0.777,90.051
2yIt5SGOZCHE2PuzcXfOof,urban,5,54,280680,0.668,0.731,11,-5.942,0,0.11,0.0225,0.000497,0.184,0.406,193.986
02M6vucOvmRfMxTXDUwRXu,urban,5,75,213507,0.747,0.705,9,-5.137,0,0.126,0.0128,0.0,0.126,0.56,136.024
1zrTET6hil9XNlRcSwRsV1,urban,5,46,278944,0.899,0.532,9,-6.014,1,0.0911,0.00431,0.0,0.102,0.375,95.02
3PcrNUFsSYnkJJNE6roBKl,urban,5,72,196827,0.677,0.655,7,-5.541,1,0.0433,0.0027,0.276,0.162,0.146,100.119
6hf0RpxTbOprT5nnwzkk8e,urban,5,85,217773,0.891,0.819,8,-3.964,1,0.106,0.0261,0.000354,0.173,0.768,101.968
0UR1AEwhR0fPspOYb0u6Wi,urban,5,34,187617,0.723,0.475,3,-9.416,0,0.0707,0.385,0.0,0.106,0.229,92.019
2vmfvSoZBFAt9hhRoEByLi,urban,5,92,230125,0.725,0.86,1,-3.726,1,0.182,0.422,0.000284,0.0674,0.791,175.896
2JPLbjOn0wPCngEot2STUS,urban,5,95,206710,0.644,0.648,1,-4.601,1,0.118,0.276,0.0,0.135,0.44,179.951
6c32C8T3KlXrbvWSoD5aON,urban,5,85,222728,0.805,0.806,6,-3.589,0,0.0393,0.0828,0.0,0.156,0.682,110.042
20pJKlNIU3J1CrvhBr1kQ8,urban,4,76,336149,0.739,0.627,9,-6.063,0,0.128,0.293,0.0,0.477,0.251,134.045
6HoYqaTWEpeSyuMMgREvyg,urban,4,68,154240,0.801,0.58,6,-7.132,0,0.231,0.307,0.0,0.0814,0.642,95.014
2ckqPVu69e9n1RAuSep2NQ,urban,4,45,139270,0.71,0.87,0,-5.356,1,0.307,0.215,0.0,0.084,0.166,137.055
2lZEnKxY1v6wgR8ipQMwEI,urban,4,48,179046,0.826,0.51,1,-8.626,0,0.0813,0.5,0.000531,0.138,0.62,115.084
5fQiM6oa6M00dBNNcS6pSc,urban,4,50,209011,0.6,0.658,8,-7.474,0,0.0921,0.0915,0.0,0.156,0.518,195.67
5GqBuGhnj9Km3LlOcaN101,urban,4,53,231864,0.539,0.669,9,-7.154,0,0.0559,0.202,0.0,0.547,0.689,118.065
1LLQm9kM9QrCSUQr1deDZy,urban,4,48,227442,0.733,0.716,11,-5.727,1,0.242,0.2,0.00106,0.151,0.554,172.141
10mqz0d6uiVNYa1ng4QlWl,urban,4,44,188788,0.758,0.682,6,-7.298,0,0.0501,0.222,5.73e-05,0.0829,0.554,100.987
75L2KgB1DNkjY28GVB82nS,urban,4,50,347723,0.595,0.65,7,-5.931,0,0.186,0.29,0.0,0.134,0.333,78.209
1UUj1iScVn6wOXiBSyBhLn,urban,4,54,198545,0.731,0.661,5,-6.369,0,0.15,0.0612,4.9e-05,0.146,0.576,109.963
7LPL4upF0pcso4mdHjVin8,urban,4,46,147750,0.91,0.754,6,-7.508,1,0.221,0.184,0.0,0.0726,0.785,128.0
1y1YFAf9maXPz5IVI50mEh,urban,4,43,180641,0.854,0.825,7,-6.403,1,0.0909,0.443,0.000226,0.1,0.822,125.023
7c6DueTr5BfxnF4RvtEccH,urban,4,50,208837,0.798,0.607,11,-7.317,0,0.185,0.323,6.13e-05,0.106,0.653,119.908
5RR4sBH4TRqyFp386kf99d,urban,4,50,245729,0.504,0.659,2,-6.411,1,0.0927,0.135,0.0,0.376,0.0766,132.97
3M9QxRO9MGJuhk0fQhGhOn,urban,4,33,242110,0.583,0.456,11,-6.376,0,0.0577,0.114,0.0,0.113,0.421,139.04
7j8K8PE1tO2TvhY15E8ZcD,urban,4,56,188273,0.837,0.802,4,-6.507,0,0.188,0.0244,0.00874,0.307,0.453,127.008
67awxiNHNyjMXhVgsHuIrs,urban,4,75,213733,0.818,0.799,1,-4.1,0,0.156,0.00107,0.128,0.057,0.0815,100.014
0r2Bul2NuCViraT2zX1l5j,urban,4,78,334067,0.521,0.625,1,-7.47,1,0.067,0.0301,0.0,0.121,0.136,101.019
40EDOraCqoiMf14TzODihf,urban,4,67,255987,0.847,0.873,8,-4.805,0,0.0804,0.0558,3.21e-06,0.325,0.966,116.007
5WCilecRDzclVGuG5qMwKX,urban,4,50,260667,0.785,0.76,11,-4.687,0,0.0611,0.101,0.0,0.227,0.672,119.899
6vOwDZnFovhiJiQEgiePTE,urban,4,41,254029,0.705,0.569,9,-5.897,1,0.237,0.162,0.0,0.134,0.436,139.875
1wS6eqgFznjq4P11vtBH7k,urban,4,49,214877,0.76,0.779,11,-6.675,0,0.092,0.021,3.61e-05,0.186,0.594,151.977
6OuXYdo2VotwVcV9kEBqS9,urban,4,44,173790,0.746,0.541,10,-6.967,0,0.145,0.263,2.98e-06,0.19,0.478,97.024
6DD5RDAyLBdGc1NC9Pju3E,urban,4,43,247869,0.676,0.525,4,-7.572,0,0.086,0.27,0.0,0.118,0.464,140.595
7nMB9ZYve3sCcjWKyu0IpI,urban,4,48,209432,0.568,0.509,5,-6.726,0,0.153,0.278,0.0,0.116,0.424,132.825
2xLMifQCjDGFmkHkpNLD9h,urban,4,86,312820,0.834,0.73,8,-3.714,1,0.222,0.00513,0.0,0.124,0.446,155.008
6gBFPUFcJLzWGx4lenP6h2,urban,4,89,243837,0.841,0.728,7,-3.37,1,0.0484,0.0847,0.0,0.149,0.43,130.049
5fwSHlTEWpluwOM0Sxnh5k,urban,4,94,287120,0.762,0.766,7,-3.955,1,0.0343,0.00776,6.98e-05,0.128,0.442,130.001
05bfbizlM5AX6Mf1RRyMho,urban,4,88,261335,0.743,0.655,6,-5.015,0,0.159,0.114,0.0,0.0764,0.785,172.031
6PDlkWmrq2ZKiUuFt2aQsH,urban,4,82,231604,0.77,0.899,8,-2.981,1,0.0494,0.222,1.14e-06,0.0894,0.851,128.05
49vQclrdXkZXMJnD0VN3qZ,urban,4,54,145872,0.9,0.66,8,-3.782,1,0.179,0.0238,1.15e-06,0.109,0.584,92.013
7M9YbTUwskBoI42Vj4Rkqq,urban,4,48,207847,0.742,0.609,5,-6.212,0,0.272,0.0866,0.0,0.0988,0.732,159.96
0KzpkACompmNTiQdrzSbwQ,urban,4,52,157714,0.695,0.47,4,-6.926,0,0.149,0.0463,0.0,0.145,0.073,93.365
3PEMWmmbisGv371RvTPnuO,urban,4,42,129600,0.52,0.824,1,-5.262,1,0.111,0.41,0.00111,0.221,0.428,150.002
4Li2WHPkuyCdtmokzW2007,urban,4,87,219333,0.789,0.858,1,-5.542,1,0.311,0.127,0.0,0.349,0.775,140.022
0mta8sX4CWGPg2UNl0opm9,urban,4,34,237875,0.697,0.603,8,-8.062,1,0.251,0.184,1.94e-06,0.325,0.352,154.16
5qMBjLvAa8BnShLMoehFkY,urban,4,32,131311,0.557,0.374,3,-12.275,0,0.218,0.195,6.29e-06,0.0973,0.104,148.042
1jCoAM7i3fDWvcWOv2PX0U,urban,4,33,194252,0.833,0.611,8,-9.773,1,0.293,0.5,0.0,0.633,0.416,96.024
60CElvvDYa45pZ66lfRuTq,urban,4,32,158337,0.769,0.647,7,-4.79,1,0.288,0.735,0.0,0.0886,0.667,94.056
2iLegn1UOmpNpQAxcQoGJW,urban,4,81,234402,0.867,0.766,6,-3.542,1,0.124,0.527,8.5e-05,0.111,0.607,91.023
2J3oaXTqKjGGHCOQLeBnBA,urban,4,84,137533,0.827,0.768,0,-5.702,1,0.265,0.79,2.45e-05,0.497,0.734,99.988
3JCaq3KDSROg3TXhdiDa9n,urban,4,86,263253,0.759,0.842,8,-3.758,1,0.096,0.101,0.0,0.134,0.584,105.059
7iqOIHHEmu6Vhw25GgQ2eA,urban,4,85,170760,0.662,0.788,3,-4.55,0,0.205,0.0191,0.0,0.0559,0.711,179.876
6GPBXtnSepHovJi1uD1Ggj,urban,4,82,226010,0.79,0.766,6,-3.497,0,0.111,0.324,0.0,0.0832,0.825,82.026
2KcNrONbZ0hvBPjvrDO2tx,urban,4,83,235411,0.793,0.745,7,-4.579,1,0.0571,0.182,0.000189,0.293,0.716,94.979
71eT7jfJ6iNhTIxzBuqwkA,urban,4,57,169796,0.733,0.569,5,-7.476,0,0.0419,0.394,0.0,0.105,0.847,147.021
03tqyYWC9Um2ZqU0ZN849H,urban,3,81,263773,0.76,0.595,1,-6.366,1,0.0391,0.00544,0.0,0.241,0.361,131.497
2NyrXRn4tancYPW6JwtTl2,urban,3,77,158684,0.851,0.625,10,-5.417,0,0.303,0.195,0.0,0.266,0.668,99.061
4kNvYhyl8R6m1vykVkcuBu,urban,3,0,270867,0.67,0.515,1,-6.977,1,0.397,0.0705,0.0,0.25,0.422,122.006
6rUcS9i07F6okIe8wujs5J,urban,3,65,246013,0.741,0.658,7,-7.758,1,0.0853,0.643,3.43e-06,0.307,0.746,142.057
0wCC06ziWEkYOif44iFggw,urban,3,51,248533,0.682,0.513,1,-6.312,0,0.396,0.0128,0.0,0.212,0.338,130.085
6n5hSi8Mdyee0XvsmIffeV,urban,3,71,477675,0.774,0.654,1,-6.932,1,0.234,0.192,0.0,0.303,0.846,166.001
4nfn4q3ygnHhriDyYW6Fkf,urban,3,68,453360,0.731,0.786,0,-4.898,1,0.254,0.114,0.0,0.437,0.78,89.092
1Pf1qN0amPFq5CrZlB60bl,urban,3,71,276105,0.698,0.845,7,-4.705,1,0.12,0.176,0.0,0.239,0.749,171.938
7rbtNjuh56l71xV7Uowf50,urban,3,64,228560,0.875,0.691,4,-7.704,1,0.114,0.0446,0.00326,0.219,0.612,92.993
7M3KyYaVUCSsCalhShI8yH,urban,3,61,274074,0.753,0.91,1,-3.26,0,0.0688,0.306,0.0,0.103,0.922,162.005
5ZauIeuBfvOCpBDZwEduaE,urban,3,51,161377,0.561,0.664,11,-6.98,0,0.296,0.142,1.72e-05,0.312,0.678,139.458
3xLgpixCKiEXyrBxpNJwga,urban,3,43,169580,0.932,0.721,7,-4.383,1,0.235,0.261,0.0,0.0593,0.617,105.032
1rExu7075LZrpDfT0Cg8Kk,urban,3,50,163992,0.811,0.681,1,-6.017,0,0.134,0.0953,0.00165,0.187,0.809,155.074
5qaaQp6KvkEdB2q7SKQAcJ,urban,3,61,148942,0.922,0.708,8,-5.618,0,0.262,0.281,0.000168,0.279,0.732,104.055
50S1qzDaxqpL0FH8rhtxZ7,urban,3,43,166640,0.857,0.592,1,-6.767,0,0.381,0.181,0.0,0.111,0.77,159.901
0DjoEWNm4HNqu0JmvlIPcI,urban,3,42,170145,0.743,0.635,3,-6.693,0,0.358,0.395,5.95e-06,0.0721,0.574,104.786
4Mh5wGoyhpzYECcGdmXTmc,urban,3,49,172869,0.867,0.617,0,-4.193,0,0.365,0.349,0.0,0.0553,0.512,124.94
6LDCpaEEwymjW8Fj3l896N,urban,3,39,160661,0.894,0.743,6,-6.659,0,0.0831,0.0246,0.00342,0.28,0.46,107.99
35eqZaftqsPaMepLdDwAu4,urban,3,46,144500,0.735,0.637,0,-4.532,0,0.0913,0.0439,0.0,0.0805,0.261,119.801
3g1yNMutQGZUmcaVArVaf2,urban,3,37,163554,0.826,0.617,7,-5.571,0,0.0589,0.382,0.0,0.135,0.785,114.026
781hm63hoGyBWLz0eVGmSQ,urban,3,43,180321,0.779,0.469,2,-9.094,1,0.322,0.311,0.0,0.209,0.523,139.925
6lYuKZ7KA6Xn0EGmlaNfbu,urban,3,55,220877,0.899,0.708,3,-5.048,1,0.0975,0.603,0.0,0.0385,0.974,106.033
184HI8TB2GGFMkgOQvVwYW,urban,3,36,205320,0.814,0.645,4,-6.232,0,0.0439,0.165,4.88e-05,0.0925,0.377,125.055
5EqFKibwuIStKtAW5y8MQt,urban,3,43,214062,0.715,0.636,2,-6.676,0,0.0338,0.409,0.00468,0.117,0.36,119.96
6iKh27IuddYWKDKC6x5NtM,urban,3,41,167435,0.864,0.693,10,-5.571,0,0.0516,0.462,0.0,0.167,0.851,118.962
6GfqrsrHtwS9gUmZ6ZjPtu,urban,3,40,189266,0.642,0.718,2,-5.097,0,0.076,0.246,0.0,0.125,0.583,103.842
6vdALpNCw1AYYvFMQLmYpU,urban,3,38,283769,0.789,0.686,9,-7.144,0,0.0697,0.205,0.000262,0.0757,0.806,115.026
71QQob1CUAwvN4pfC7jkLM,urban,3,47,217754,0.686,0.749,7,-4.991,0,0.0315,0.434,9.13e-06,0.139,0.533,118.021
69T50mZU6jlxdrrZrrxRNW,urban,3,44,208544,0.722,0.628,4,-6.895,0,0.0879,0.0168,0.0,0.136,0.303,103.007
10QAeCq9l8syEIuhKvpNxb,urban,3,0,222705,0.734,0.476,8,-7.277,1,0.452,0.108,0.0,0.134,0.424,73.735
6uGjN966pQMwlpS3D3iv8n,urban,3,41,244286,0.667,0.507,5,-7.117,0,0.0665,0.123,0.0,0.131,0.306,111.982
0XGOJCmUyGbzYMEj1vBP3s,urban,3,45,190164,0.7,0.616,7,-6.925,0,0.0728,0.0713,0.0,0.0777,0.247,109.989
5rb9QrpfcKFHM1EUbSIurX,night_life,17,86,250373,0.894,0.791,2,-4.699,1,0.112,0.0183,0.0,0.0388,0.583,105.018
2CEgGE6aESpnmtfiZwYlbV,night_life,15,85,202613,0.751,0.783,4,-3.724,1,0.0859,0.00379,0.0,0.036,0.816,119.975
3bidbhpOYeV4knp8AIu8Xn,night_life,14,86,258343,0.641,0.922,2,-4.457,1,0.0786,0.0291,0.0,0.0862,0.847,146.078
4cG7HUWYHBV6R6tHn1gxrl,night_life,14,89,169153,0.824,0.862,2,-3.424,1,0.126,0.0076,0.000132,0.303,0.801,122.98
4QNpBfC0zvjKqPJcyqBy9W,night_life,13,86,252307,0.671,0.939,8,-3.206,1,0.161,0.191,0.0,0.298,0.53,129.024
0CAfXk7DXMnon4gLudAp7J,night_life,13,85,231400,0.918,0.609,10,-5.64,0,0.0791,0.0928,0.0,0.139,0.304,128.008
4356Typ82hUiFAynbLYbPn,night_life,12,84,220800,0.663,0.861,7,-3.398,0,0.109,0.0338,0.0,0.082,0.654,119.963
7ks6AZmFcm3Y6PGGxGSmlB,night_life,12,77,194840,0.666,0.876,3,-3.078,1,0.0414,0.055,0.0,0.259,0.552,129.884
2bJvI42r8EF3wxjOuDav4r,night_life,12,85,229360,0.721,0.802,1,-5.797,1,0.0583,0.0921,0.0,0.694,0.724,124.022
6f3Slt0GbA2bPZlz0aIFXN,night_life,11,89,164000,0.798,0.62,8,-7.079,0,0.232,0.414,0.0192,0.112,0.235,120.031
4E5P1XyAFtrjpiIxkydly4,night_life,11,80,182307,0.706,0.751,9,-6.323,1,0.0708,0.173,0.0,0.168,0.195,91.031
6YUTL4dYpB9xZO5qExPf05,night_life,11,86,222533,0.596,0.856,4,-3.556,0,0.0346,0.0211,0.0178,0.141,0.743,127.949
24Yi9hE78yPEbZ4kxyoXAI,night_life,10,86,176840,0.77,0.724,8,-5.484,1,0.0495,0.0167,0.0107,0.353,0.898,121.975
3ZFTkvIE7kyPt6Nu3PEa7V,night_life,10,87,218093,0.778,0.824,10,-5.892,0,0.0707,0.284,0.0,0.405,0.758,100.024
3cHyrEgdyYRjgJKSOiOtcS,night_life,10,85,204160,0.581,0.963,11,-4.087,1,0.0981,0.0295,0.0,0.139,0.788,129.992
0C4ejWmOTMv8vuYj85mf8m,night_life,9,78,243533,0.767,0.682,1,-5.02,1,0.042,0.0113,0.00016,0.104,0.833,127.975
0ByMNEPAPpOR5H69DVrTNy,night_life,9,83,267080,0.835,0.669,6,-5.582,0,0.0643,0.0336,6.92e-05,0.0535,0.542,122.668
0k2GOhqsrxDTAbFFSdNJjT,night_life,9,83,218573,0.951,0.6,0,-4.675,0,0.0685,0.106,0.0,0.0712,0.822,125.04
2LEF1A8DOZ9wRYikWgVlZ8,night_life,9,81,248133,0.706,0.89,1,-4.444,0,0.0688,0.0588,0.00286,0.306,0.684,128.011
2ahnofp2LbBWDXcJbMaSTu,night_life,8,74,270373,0.683,0.772,7,-7.907,0,0.0311,0.0222,0.0149,0.203,0.737,123.871
5pmL3RzOy3IvGFaSDi4hZL,night_life,8,79,244907,0.606,0.883,3,-3.243,1,0.0423,0.00872,0.0,0.0698,0.608,128.053
2s5YN9O8Qv25BjQobPHWVZ,night_life,8,0,219307,0.431,0.862,7,-7.005,0,0.428,0.00618,0.0,0.322,0.696,124.93
2V65y3PX4DkRhy1djlxd9p,night_life,8,81,212862,0.612,0.84,11,-3.145,0,0.0509,0.112,0.0,0.116,0.438,129.042
7mitXLIMCflkhZiD34uEQI,night_life,8,78,262147,0.751,0.736,5,-4.168,0,0.156,0.0206,0.0,0.265,0.352,130.014
3iw6V4LH7yPj1ESORX9RIN,night_life,7,82,116750,0.722,0.893,0,-3.255,0,0.0475,0.0441,0.000937,0.0673,0.439,119.932
5YaskwnGDZFDRipaqzbwQx,night_life,7,85,150053,0.669,0.784,7,-5.603,1,0.112,0.194,6.28e-06,0.115,0.517,125.993
20McUFi8KCIVdNDLrkTDuZ,night_life,7,82,163208,0.767,0.659,1,-7.429,1,0.0444,0.325,0.0,0.13,0.439,124.946
3GpbwCm3YxiWDvy29Uo3vP,night_life,7,79,204640,0.72,0.672,7,-6.852,1,0.0551,0.009,0.0,0.232,0.705,124.986
4kLLWz7srcuLKA7Et40PQR,night_life,7,85,289133,0.743,0.766,0,-6.375,1,0.0265,0.0873,0.0,0.509,0.61,127.96
2iJuuzV8P9Yz0VSurttIV5,night_life,7,83,283400,0.772,0.685,5,-6.849,1,0.0696,0.019,8.96e-05,0.131,0.501,130.033
7ElF5zxOwYP4qVSWVvse3W,night_life,7,79,201547,0.607,0.934,3,-4.217,1,0.0314,0.0327,0.0,0.0909,0.568,122.01
6cx06DFPPHchuUAcTxznu9,night_life,7,87,166028,0.734,0.874,8,-3.158,1,0.0662,0.168,1.14e-05,0.0489,0.905,122.953
6ho0GyrWZN3mhi9zVRW7xi,night_life,7,79,248036,0.76,0.964,2,-5.844,1,0.0577,0.00181,0.703,0.0975,0.643,125.003
6ebkx7Q5tTxrCxKq4GYj0Y,night_life,7,81,234560,0.616,0.869,0,-3.911,1,0.0327,0.0283,0.0,0.064,0.473,127.966
2WfaOiMkCvy7F5fcp2zZ8L,night_life,6,88,225280,0.573,0.902,6,-7.638,0,0.054,0.018,0.00125,0.0928,0.876,84.412
2USlegnFJLrVLpoVfPimKB,night_life,6,89,160000,0.67,0.896,1,-4.673,1,0.058,0.0342,3.21e-05,0.344,0.403,101.216
0b18g3G5spr4ZCkz7Y6Q0Q,night_life,6,86,186210,0.758,0.913,6,-2.926,0,0.113,0.00364,6.92e-05,0.193,0.658,128.04
7iL6o9tox1zgHpKUfh9vuC,night_life,6,87,193467,0.899,0.713,6,-2.752,0,0.366,0.255,0.0,0.0708,0.777,90.051
5HQVUIKwCEXpe7JIHyY734,night_life,6,82,207333,0.715,0.655,0,-6.425,1,0.137,0.0525,0.0,0.115,0.531,95.078
2prnn41CblB8B4yWACDljP,night_life,6,86,158095,0.621,0.989,10,-4.225,0,0.0434,0.015,0.357,0.184,0.0348,126.002
18asYwWugKjjsihZ0YvRxO,night_life,6,95,164819,0.754,0.763,7,-4.627,0,0.0435,0.0301,2.23e-05,0.0901,0.464,117.953
20on25jryn53hWghthWWW3,night_life,6,95,157890,0.854,0.806,11,-8.262,0,0.0886,0.0209,0.0542,0.0703,0.637,124.927
0E9ZjEAyAwOXZ7wJC0PD33,night_life,6,83,184560,0.694,0.77,6,-5.335,1,0.149,0.176,1.1e-05,0.118,0.163,125.905
4uDhts78RdwIDjEqPrYVKp,night_life,6,81,138819,0.766,0.817,7,-4.253,1,0.035,0.0239,2.49e-06,0.159,0.43,125.033
6ft4hAq6yde8jPZY2i5zLr,night_life,6,85,167903,0.632,0.595,8,-7.644,0,0.0401,0.0689,0.0,0.209,0.435,124.114
02itaCXOdC54J0ISjqqFAp,night_life,6,78,147840,0.733,0.859,9,-5.03,0,0.033,0.479,0.0645,0.105,0.52,124.948
0GiwV6v3AgJfdu59tj719Y,night_life,6,77,150635,0.899,0.894,1,-7.255,1,0.222,0.203,9.95e-05,0.0606,0.654,129.047
62zFEHfAYl5kdHYOivj4BC,night_life,6,79,227280,0.67,0.855,0,-3.035,0,0.0499,0.0124,0.0,0.335,0.648,120.05
6Dy1jexKYriXAVG6evyUTJ,night_life,6,88,162604,0.787,0.833,8,-4.403,1,0.0478,0.018,0.00747,0.0374,0.796,123.97
3bC1ahPIYt1btJzSSEyyrF,night_life,6,83,224653,0.747,0.937,0,-5.746,1,0.0453,0.0208,0.0,0.29,0.739,103.976
5QIG1kl6klZIy0Lu67XNYJ,night_life,6,65,195192,0.775,0.76,0,-4.847,0,0.126,0.00573,0.0,0.341,0.766,124.977
2EBCVPNAG46nbgs6jXPGvv,night_life,6,80,210627,0.747,0.716,11,-2.457,0,0.075,0.135,0.0,0.251,0.751,125.008
22mek4IiqubGD9ctzxc69s,night_life,6,81,212640,0.738,0.868,11,-4.373,0,0.0731,0.0392,0.00169,0.388,0.336,122.003
49FYlytm3dAAraYgpoJZux,night_life,6,86,275987,0.583,0.829,1,-4.603,1,0.134,0.00864,0.0,0.0426,0.575,174.028
3H7ihDc1dqLriiWXwsc2po,night_life,6,84,166794,0.789,0.72,8,-5.652,0,0.218,0.223,0.0,0.129,0.664,122.031
5tXyNhNcsnn7HbcABntOSf,night_life,6,0,222160,0.666,0.878,7,-2.85,0,0.0973,0.03,0.0,0.0828,0.669,119.932
2oENJa1T33GJ0w8dC167G4,night_life,6,76,239987,0.839,0.804,1,-2.513,1,0.0329,0.0192,0.0,0.331,0.888,122.973
0O45fw2L5vsWpdsOdXwNAR,night_life,6,83,242733,0.967,0.583,7,-5.562,0,0.0789,0.0584,0.0,0.0519,0.964,117.0
0nrRP2bk19rLc0orkWPQk2,night_life,6,89,247427,0.532,0.783,2,-5.697,1,0.0523,0.0038,0.0012,0.161,0.643,124.08
04KTF78FFg8sOHC1BADqbY,night_life,6,79,228240,0.956,0.745,11,-4.753,0,0.12,0.206,0.0,0.0615,0.912,107.075
6h5PAsRni4IRlxWr6uDPTP,night_life,6,84,203000,0.646,0.741,5,-4.973,0,0.034,0.0275,0.0,0.312,0.571,123.077
2Cd9iWfcOpGDHLz6tVA3G4,night_life,6,82,202627,0.766,0.873,11,-6.381,0,0.143,0.00627,0.0,0.0764,0.743,126.988
3dPvQLKl42dMYWV4LWRTLK,night_life,5,70,203076,0.775,0.886,6,-6.68,0,0.0476,0.589,7.71e-06,0.0991,0.939,172.013
0VjIjW4GlUZAMYd2vXMi3b,night_life,5,95,200040,0.514,0.73,1,-5.934,1,0.0598,0.00146,9.54e-05,0.0897,0.334,171.005
6zSpb8dQRaw0M1dK8PBwQz,night_life,5,96,202735,0.796,0.798,1,-6.312,1,0.0317,0.034,4.19e-05,0.0952,0.942,116.032
5fwSHlTEWpluwOM0Sxnh5k,night_life,5,94,287120,0.762,0.766,7,-3.955,1,0.0343,0.00776,6.98e-05,0.128,0.442,130.001
4ASOMWcJUrwEpjJy4GEijz,night_life,5,77,196900,0.685,0.911,9,-4.977,1,0.144,0.00552,0.0247,0.285,0.351,128.02
6iW38RGqdDGOofmz2HeXLW,night_life,5,79,166452,0.797,0.86,10,-4.38,0,0.0413,0.0312,0.0137,0.334,0.192,124.033
0siYMEsGrzzzlWLXK5zJfS,night_life,5,84,178088,0.671,0.782,6,-4.593,1,0.0341,0.0142,0.00221,0.333,0.618,123.989
7CHi4DtfK4heMlQaudCuHK,night_life,5,83,168387,0.598,0.526,10,-8.659,0,0.0415,0.129,0.0,0.14,0.529,123.935
1DFD5Fotzgn6yYXkYsKiGs,night_life,5,81,152913,0.677,0.744,10,-6.806,0,0.0295,0.0404,0.00016,0.074,0.631,124.08
0JhKJg5ejeQ8jq89UQtnw8,night_life,5,2,199904,0.62,0.881,1,-5.851,0,0.0372,0.0585,0.714,0.311,0.415,126.035
5YPMEOJ58kfl56VHxTgwx3,night_life,5,73,201000,0.691,0.921,8,-1.702,0,0.0533,0.173,0.0,0.331,0.8,130.072
1dzQoRqT5ucxXVaAhTcT0J,night_life,5,81,241933,0.822,0.739,1,-4.541,0,0.0311,0.0264,4.26e-05,0.181,0.745,118.992
5UqCQaDshqbIk3pkhy4Pjg,night_life,5,82,199907,0.584,0.889,1,-5.941,0,0.0343,0.0462,0.828,0.309,0.464,126.04
16Cs9KsHzgunxaEfGrXysG,night_life,5,70,208845,0.723,0.87,8,-3.013,0,0.0435,0.035,0.0,0.656,0.678,129.952
0r2Bul2NuCViraT2zX1l5j,night_life,5,78,334067,0.521,0.625,1,-7.47,1,0.067,0.0301,0.0,0.121,0.136,101.019
6GomT970rCOkKAyyrwJeZi,night_life,5,86,157445,0.848,0.821,2,-5.408,0,0.0527,0.0169,0.000403,0.0962,0.249,125.051
2Foc5Q5nqNiosCNqttzHof,night_life,5,87,248413,0.794,0.811,6,-8.966,0,0.038,0.0426,1.07e-06,0.101,0.862,116.047
1NpW5kyvO4XrNJ3rnfcNy3,night_life,5,82,232947,0.608,0.86,5,-5.324,0,0.0554,0.0991,0.0,0.262,0.437,127.075
5qTvkDrSfvwDv6RBjjcfQr,night_life,5,79,211666,0.735,0.824,10,-4.143,0,0.036,0.615,0.0,0.158,0.726,100.202
127uq83uGFapbddqiMUKky,night_life,5,80,195853,0.813,0.627,11,-5.018,0,0.0486,0.0771,0.000616,0.131,0.801,130.011
1gihuPhrLraKYrJMAEONyc,night_life,5,84,206413,0.707,0.924,7,-2.842,1,0.031,0.000972,0.00703,0.204,0.919,127.937
5WoBAyXaOnKEfvsZocrPeT,night_life,5,74,186047,0.842,0.673,9,-6.068,1,0.068,0.0307,0.0197,0.058,0.354,128.99
7LP4Es66zdY7CyjepqmvAg,night_life,5,5,212107,0.657,0.695,2,-4.493,1,0.0321,0.0108,0.0,0.0822,0.683,65.997
0HPD5WQqrq7wPWR7P7Dw1i,night_life,5,85,199693,0.755,0.837,2,-2.718,0,0.142,0.0991,0.0,0.289,0.714,120.028
5xYC48nOppVemY6U5GRGTb,night_life,5,81,210853,0.546,0.916,8,-3.932,1,0.255,0.00144,4.34e-06,0.251,0.375,129.983
3E7dfMvvCLUddWissuqMwr,night_life,5,84,202067,0.652,0.698,10,-4.667,0,0.042,0.00112,0.000115,0.0886,0.47,96.021
4flXUmmCKe1GAAvIoptHq7,night_life,5,0,224720,0.706,0.842,0,-4.628,0,0.038,0.0476,0.0,0.134,0.818,104.958
0Hf4aIJpsN4Os2f0y0VqWl,night_life,5,82,229507,0.673,0.758,7,-3.632,1,0.158,0.039,0.0,0.341,0.542,135.956
0PH49SrRKOFVWF81PobhW6,night_life,4,72,166401,0.753,0.806,2,-2.782,1,0.0436,0.673,0.0,0.244,0.771,156.026
2SUPbyD77tJuOUbqbxct6l,night_life,4,69,147876,0.593,0.932,8,-2.324,1,0.0526,0.302,0.0,0.133,0.913,171.977
0WlmiIK5qFQ4dAB4mCA4sI,night_life,4,69,169773,0.533,0.915,3,-2.337,0,0.047,0.324,0.0,0.0891,0.967,167.927
200MELMFIVTTctrcZBOjIB,night_life,4,55,143651,0.73,0.85,10,-4.075,0,0.0492,0.479,0.0,0.0553,0.924,163.946
1T3hcBQRwacjWLuJJFt8co,night_life,4,65,197233,0.667,0.872,6,-3.42,0,0.0643,0.179,0.0,0.106,0.94,163.961
7EWXP47VlXKO3r7mNxuWHw,night_life,4,69,155210,0.758,0.763,1,-8.754,0,0.0768,0.23,1.33e-05,0.0703,0.854,163.946
5vlEg2fT4cFWAqU5QptIpQ,night_life,4,77,182307,0.706,0.751,9,-6.323,1,0.0708,0.173,0.0,0.168,0.195,91.031
2gam98EZKrF9XuOkU13ApN,night_life,4,87,242293,0.808,0.97,10,-6.098,0,0.0506,0.0569,6.13e-05,0.154,0.868,114.328
3jlbL2OTD5YmIunYzgQTAN,night_life,4,80,338853,0.375,0.862,11,-3.363,0,0.255,0.071,0.0,0.211,0.478,159.841
48QmG1dfvMuYLxMPt7KSRA,night_life,4,89,221176,0.742,0.882,7,-2.862,1,0.117,0.0466,0.0,0.206,0.463,102.04
